URL,Title,Description,H1,Response Code
https://technix-rus.ru/,Промышленные подшипники и комплектующие - TECHNIX JSC (АО Техникс),Поступление на склад (сентябрь 2024) Производство и продажа промышленных комплектующих TECHNIX JSC (АО Техникс) | Доставка по РФ,Нет H1,200
https://technix-rus.ru/catalog/sistemy_lineynogo_peremeshcheniya/karetki/uplotneniya_i_skrebki/,Уплотнения и скребки купить в Санкт-Петербурге по оптовым ценам от производителя | TECHNIX,"Уплотнения и скребки: купить у производителя по оптовым ценам в Санкт-Петербурге. Большой выбор промышленных комплектующих. ✔️ Гарантия качества. ✔️ Компания TECHNIX.
",Уплотнения и скребки для линейных направляющих,200
https://technix-rus.ru/catalog/sistemy_lineynogo_peremeshcheniya/karetki/gofrozashchita_dlya_relsovykh_napravlyayushchikh/,Гофрозащита для направляющих станков чпу купить в Санкт-Петербурге по оптовым ценам от производителя | TECHNIX,Гофрозащита для направляющих станков чпу : купить у производителя по оптовым ценам в Санкт-Петербурге. Большой выбор промышленных комплектующих. ✔️ Гарантия качества. ✔️ Компания TECHNIX,Гофрозащита для рельсовых направляющих,200
https://technix-rus.ru/catalog/sistemy_lineynogo_peremeshcheniya/lineynye_podshipniki/lineynye_podshipniki_v_sbore_s_korpusom/,"Линейные подшипники в сборе с корпусом купить в Санкт-Петербурге по оптовым ценам от производителя | TECHNIX
",Линейные подшипники в сборе с корпусом: купить у производителя по оптовым ценам в Санкт-Петербурге. Большой выбор промышленных комплектующих. ✔️ Гарантия качества. ✔️ Компания TECHNIX.,Линейные подшипники в сборе с корпусом,200
https://technix-rus.ru/catalog/sistemy_lineynogo_peremeshcheniya/lineynye_podshipniki/lineynye_podshipniki_2/,Линейные подшипники без корпуса купить в Санкт-Петербурге по оптовым ценам от производителя | TECHNIX,Линейные подшипники без корпуса: купить у производителя по оптовым ценам в Санкт-Петербурге. Большой выбор промышленных комплектующих. ✔️ Гарантия качества. ✔️ Компания TECHNIX.,Линейные подшипники без корпуса,200
https://technix-rus.ru/catalog/sistemy_lineynogo_peremeshcheniya/valy/,"Прецизионные валы купить для станков чпу по низким ценам, большой выбор цилиндрических валов в Санкт-Петербурге","Прецизионные валы купить для станков чпу по низким ценам, большой выбор цилиндрических валов в Санкт-Петербурге. Большой выбор промышленных комплектующих напрямую от производителя Technix. Подробнее на сайте.",Прецизионные валы,200
https://technix-rus.ru/catalog/sistemy_lineynogo_peremeshcheniya/valy/valy_s_oporoy/,Валы с опорой купить в Санкт-Петербурге по оптовым ценам от производителя | TECHNIX,Валы с опорой: купить у производителя по оптовым ценам в Санкт-Петербурге. Большой выбор промышленных комплектующих. ✔️ Гарантия качества. ✔️ Компания TECHNIX.,Валы прецизионные с опорой,200
https://technix-rus.ru/catalog/sistemy_lineynogo_peremeshcheniya/valy/valy_3/,Валы без опоры купить в Санкт-Петербурге по оптовым ценам от производителя | TECHNIX,Валы без опоры: купить у производителя по оптовым ценам в Санкт-Петербурге. Большой выбор промышленных комплектующих. ✔️ Гарантия качества. ✔️ Компания TECHNIX.,Прецизионный вал без опоры,200
https://technix-rus.ru/catalog/sistemy_lineynogo_peremeshcheniya/opory/,Опоры полированных валов купить в Санкт-Петербурге по оптовым ценам от производителя | TECHNIX,"Опоры полированных валов: купить у производителя по оптовым ценам в Санкт-Петербурге. Большой выбор промышленных комплектующих. ✔️ Гарантия качества. ✔️ Компания TECHNIX.
",Опоры вала,200
https://technix-rus.ru/catalog/,Каталог промышленных комплектующих TECHNIX,Купить разъемный корпус подшипника,Каталог,200
https://technix-rus.ru/catalog/trapetseidalnye_gayki_i_vinty/vinty_trapetseidalnye/,Винты трапецеидальные купить в Санкт-Петербурге по оптовым ценам от производителя | TECHNIX,Винты трапецеидальные: купить у производителя по оптовым ценам в Санкт-Петербурге. Большой выбор промышленных комплектующих. ✔️ Гарантия качества. ✔️ Компания TECHNIX.,Трапецеидальные винты,200
https://technix-rus.ru/catalog/trapetseidalnye_gayki_i_vinty/gayki_trapetseidalnye/,Трапецеидальные гайки купить в Санкт-Петербурге по оптовым ценам от производителя | TECHNIX,Трапецеидальные гайки: купить у производителя по оптовым ценам в Санкт-Петербурге. Большой выбор промышленных комплектующих. ✔️ Гарантия качества. ✔️ Компания TECHNIX.,Трапецеидальные гайки,200
https://technix-rus.ru/catalog/shvp/,ШВП купить в Санкт-Петербурге по оптовым ценам от производителя | TECHNIX,ШВП: купить у производителя по оптовым ценам в Санкт-Петербурге. Большой выбор промышленных комплектующих. ✔️ Гарантия качества. ✔️ Компания TECHNIX.,ШВП (шарико-винтовые передачи),200
https://technix-rus.ru/catalog/shvp/vinty_shvp/,Винт швп купить для станков чпу купить в Санкт-Петербурге по оптовым ценам от производителя | TECHNIX,Винт швп купить для станков чпу: купить у производителя по оптовым ценам в Санкт-Петербурге. Большой выбор промышленных комплектующих. ✔️ Гарантия качества. ✔️ Компания TECHNIX.,Винты ШВП,200
https://technix-rus.ru/catalog/shvp/gayki_shvp/,Гайки ШВП купить в Санкт-Петербурге по оптовым ценам от производителя | TECHNIX,Гайки ШВП: купить у производителя по оптовым ценам в Санкт-Петербурге. Большой выбор промышленных комплектующих. ✔️ Гарантия качества. ✔️ Компания TECHNIX.,Каталог гаек ШВП,200
https://technix-rus.ru/catalog/shvp/derzhateli_dlya_gaek/,Держатели для гаек ШВП купить в Санкт-Петербурге по оптовым ценам от производителя | TECHNIX,Держатели для гаек ШВП: купить у производителя по оптовым ценам в Санкт-Петербурге. Большой выбор промышленных комплектующих. ✔️ Гарантия качества. ✔️ Компания TECHNIX.,Держатели для гаек,200
https://technix-rus.ru/catalog/trapetseidalnye_gayki_i_vinty/,Трапецеидальные гайки и винты купить в Санкт-Петербурге по оптовым ценам от производителя | TECHNIX,Трапецеидальные гайки и винты: купить у производителя по оптовым ценам в Санкт-Петербурге. Большой выбор промышленных комплектующих. ✔️ Гарантия качества. ✔️ Компания TECHNIX.,Трапецеидальные гайки и винты,200
https://technix-rus.ru/catalog/zubchatye_reyki/,Зубчатые рейки купить в Санкт-Петербурге по оптовым ценам от производителя | TECHNIX,Зубчатые рейки: купить у производителя по оптовым ценам в Санкт-Петербурге. Большой выбор промышленных комплектующих. ✔️ Гарантия качества. ✔️ Компания TECHNIX.,Зубчатые рейки для ЧПУ,200
https://technix-rus.ru/catalog/podshipniki/,Подшипники купить в Санкт-Петербурге по оптовым ценам от производителя | TECHNIX,Подшипники: купить у производителя по оптовым ценам в Санкт-Петербурге. Большой выбор промышленных комплектующих. ✔️ Гарантия качества. ✔️ Компания TECHNIX.,Подшипники,200
https://technix-rus.ru/catalog/podshipniki/korpusnye_podshipniki/,Корпусные подшипники купить в Санкт-Петербурге по оптовым ценам от производителя | TECHNIX,Корпусные подшипники: купить у производителя по оптовым ценам в Санкт-Петербурге. Большой выбор промышленных комплектующих. ✔️ Гарантия качества. ✔️ Компания TECHNIX.,Корпусные подшипники,200
https://technix-rus.ru/catalog/podshipniki/podshipnikovye_uzly/,Подшипниковый узел купить в Санкт-Петербурге по оптовым ценам от производителя | TECHNIX,Подшипниковый узел: купить у производителя по оптовым ценам в Санкт-Петербурге. Большой выбор промышленных комплектующих. ✔️ Гарантия качества. ✔️ Компания TECHNIX.,Подшипниковые узлы,200
https://technix-rus.ru/catalog/podshipniki/razemnye_korpusa_1/,Комплектующие для разъемных корпусов купить в Санкт-Петербурге по оптовым ценам от производителя | TECHNIX,Комплектующие для разъемных корпусов: купить у производителя по оптовым ценам в Санкт-Петербурге. Большой выбор промышленных комплектующих. ✔️ Гарантия качества. ✔️ Компания TECHNIX.,Комплектующие для разъемных корпусов,200
https://technix-rus.ru/catalog/sistemy_lineynogo_peremeshcheniya/,Системы линейного перемещения купить в Санкт-Петербурге по оптовым ценам от производителя | TECHNIX,Системы линейного перемещения: купить у производителя по оптовым ценам в Санкт-Петербурге. Большой выбор промышленных комплектующих. ✔️ Гарантия качества. ✔️ Компания TECHNIX.,Системы линейного перемещения,200
https://technix-rus.ru/catalog/podshipniki/razemnye_korpusa_1/uplotneniya/,Лабиринтное уплотнение купить для подшипниковых узлов изготовление под заказ в Санкт-Петербурге,Лабиринтное уплотнение купить для подшипниковых узлов изготовление под заказ в Санкт-Петербурге. Большой выбор промышленных комплектующих напрямую от завода Technix. Подробнее на сайте.,Лабиринтные уплотнения подшипниковых узлов,200
https://technix-rus.ru/catalog/podshipniki/razemnye_korpusa_1/upornye_koltsa/,Упорные стопорные кольца - купить по оптовым ценам в Санкт-Петербурге,Упорные стопорные кольца - купить по оптовым ценам в Санкт-Петербурге. Большой выбор промышленных комплектующих напрямую от производителя Technix. Подробнее на сайте.,Стопорные кольца,200
https://technix-rus.ru/catalog/podshipniki/razemnye_korpusa_1/razemnye_korpusa_2/,"Разъемный корпус подшипника - купить напрямую от производителя по оптовым, большой выбор стационарных корпусов подшипников в Санкт-Петербурге","Разъемный корпус подшипника - купить напрямую от производителя по оптовым, большой выбор стационарных корпусов подшипников в Санкт-Петербурге. Большой выбор промышленных комплектующих напрямую от завода Technix. Подробнее на сайте.",Разъемный корпус подшипника,200
https://technix-rus.ru/company/solutions/otraslevye-resheniya-dlya-mashinostroeniya-i-metalloobrabotki/,Отраслевые решения для машиностроения и металлообработки от компании TECHNIX,"Отраслевые решения для машиностроения и металлообработки Technix. Звёздочки, зубчатые колёса, соединительные муфты, ШВП, подшипники. Собственное производство. доставка по РФ. +7 (812) 490-76-68",Отраслевые решения для машиностроения и металлообработки,200
https://technix-rus.ru/company/solutions/otraslevye-resheniya-dlya-pishchevoj-promyshlennosti/,Отраслевые решения для пищевой промышленности от компании TECHNIX,"Отраслевые решения для пищевой промышленности Technix. Звёздочки, зубчатые колёса, соединительные муфты, ШВП, подшипники. Собственное производство. доставка по РФ. +7 (812) 490-76-73",Отраслевые решения для пищевой промышленности,200
https://technix-rus.ru/company/solutions/otraslevye-resheniya-dlya-selskogo-hozyajstva/,Отраслевые решения для сельского хозяйства: Надежные пошипниковые узлы для агросектора,"Отраслевые решения для сельского хозяйства Technix. Звёздочки, зубчатые колёса, соединительные муфты, ШВП, подшипники. Собственное производство. доставка по РФ. +7 (812) 490-76-72",Отраслевые решения для сельского хозяйства,200
https://technix-rus.ru/catalog/sistemy_lineynogo_peremeshcheniya/karetki/uplotneniya_i_skrebki/uplotnenie_hgh30cazz_hch30cazz_kit_technix/,Уплотнение HGH30CAZZ (HCH30CAZZ) KIT TECHNIX купить в Санкт-Петербурге по оптовым ценам от производителя | TECHNIX,"Уплотнение HGH30CAZZ (HCH30CAZZ) KIT TECHNIX: купить у производителя по оптовым ценам в Санкт-Петербурге. 
Большой выбор промышленных комплектующих. ✔️ Гарантия качества. ✔️ Компания TECHNIX.",Уплотнение HGH30CAZZ (HCH30CAZZ) KIT TECHNIX,200
https://technix-rus.ru/catalog/sistemy_lineynogo_peremeshcheniya/lineynye_podshipniki/lineynye_podshipniki_v_sbore_s_korpusom/lineynyy_podshipnik_v_sbore_s_korpusom_scs40_l_uu_technix/,Линейный подшипник в сборе с корпусом SCS40-L-UU TECHNIX купить в Санкт-Петербурге по оптовым ценам от производителя | TECHNIX,"Линейный подшипник в сборе с корпусом SCS40-L-UU TECHNIX: купить у производителя по оптовым ценам в Санкт-Петербурге. 
Большой выбор промышленных комплектующих. ✔️ Гарантия качества. ✔️ Компания TECHNIX.",Линейный подшипник в сборе с корпусом SCS40-L-UU TECHNIX,200
https://technix-rus.ru/catalog/sistemy_lineynogo_peremeshcheniya/lineynye_podshipniki/lineynye_podshipniki_2/lineynyy_podshipnik_lm30_uu_technix/,Линейный подшипник LM30-UU TECHNIX купить в Санкт-Петербурге по оптовым ценам от производителя | TECHNIX,"Линейный подшипник LM30-UU TECHNIX: купить у производителя по оптовым ценам в Санкт-Петербурге. 
Большой выбор промышленных комплектующих. ✔️ Гарантия качества. ✔️ Компания TECHNIX.",Линейный подшипник LM30-UU TECHNIX,200
https://technix-rus.ru/catalog/podshipniki/razemnye_korpusa_1/kryshki/,Купить торцевые крышки подшипников напрямую от производителя по оптовым ценам в Санкт-Петербурге,Купить торцевые крышки подшипников напрямую от производителя по оптовым ценам в Санкт-Петербурге. Большой выбор промышленных комплектующих напрямую от завода Technix. Подробнее на сайте.,Торцевые крышки подшипников,200
https://technix-rus.ru/catalog/sistemy_lineynogo_peremeshcheniya/lineynye_podshipniki/lineynye_podshipniki_2/lineynyy_podshipnik_lme20_uu_op_kbo2045pp_technix/,Линейный подшипник LME20-UU-OP (KBO2045PP) TECHNIX купить в Санкт-Петербурге по оптовым ценам от производителя | TECHNIX,"Линейный подшипник LME20-UU-OP (KBO2045PP) TECHNIX: купить у производителя по оптовым ценам в Санкт-Петербурге. 
Большой выбор промышленных комплектующих. ✔️ Гарантия качества. ✔️ Компания TECHNIX.",Линейный подшипник LME20-UU-OP (KBO2045PP) TECHNIX,200
https://technix-rus.ru/catalog/sistemy_lineynogo_peremeshcheniya/valy/valy_3/val_pretsizionnyy_khromirovannyy_wv35_technix/,Вал прецизионный хромированный WV35 TECHNIX купить в Санкт-Петербурге по оптовым ценам от производителя | TECHNIX,"Вал прецизионный хромированный WV35 TECHNIX: купить у производителя по оптовым ценам в Санкт-Петербурге. 
Большой выбор промышленных комплектующих. ✔️ Гарантия качества. ✔️ Компания TECHNIX.",Вал прецизионный хромированный WV35 TECHNIX,200
https://technix-rus.ru/catalog/sistemy_lineynogo_peremeshcheniya/valy/valy_3/val_pretsizionnyy_polyy_khromirovannyy_wvh50_technix/,Вал прецизионный полый хромированный WVH50 TECHNIX купить в Санкт-Петербурге по оптовым ценам от производителя | TECHNIX,"Вал прецизионный полый хромированный WVH50 TECHNIX: купить у производителя по оптовым ценам в Санкт-Петербурге. 
Большой выбор промышленных комплектующих. ✔️ Гарантия качества. ✔️ Компания TECHNIX.",Вал прецизионный полый хромированный WVH50 TECHNIX,200
https://technix-rus.ru/catalog/shvp/opory_shvp/,Опоры ШВП купить в Санкт-Петербурге по оптовым ценам от производителя | TECHNIX,Опоры ШВП: купить у производителя по оптовым ценам в Санкт-Петербурге. Большой выбор промышленных комплектующих. ✔️ Гарантия качества. ✔️ Компания TECHNIX.,Опоры ШВП,200
https://technix-rus.ru/catalog/sistemy_lineynogo_peremeshcheniya/opory/opora_shf60_technix/,Опора SHF60 TECHNIX купить в Санкт-Петербурге по оптовым ценам от производителя | TECHNIX,"Опора SHF60 TECHNIX: купить у производителя по оптовым ценам в Санкт-Петербурге. 
Большой выбор промышленных комплектующих. ✔️ Гарантия качества. ✔️ Компания TECHNIX.",Опора SHF60 TECHNIX,200
https://technix-rus.ru/catalog/trapetseidalnye_gayki_i_vinty/gayki_trapetseidalnye/gayka_trapetseidalnaya_bronza_d_16_mm_shag_rezby_4_mm_levaya_rezba_lrm_16_4_g_technix/,"Гайка трапецеидальная (бронза) d=16 мм, шаг резьбы 4 мм (левая резьба), LRM 16-4-G TECHNIX купить в Санкт-Петербурге по оптовым ценам от производителя | TECHNIX","Гайка трапецеидальная (бронза) d=16 мм, шаг резьбы 4 мм (левая резьба), LRM 16-4-G TECHNIX: купить у производителя по оптовым ценам в Санкт-Петербурге. 
Большой выбор промышленных комплектующих. ✔️ Гарантия качества. ✔️ Компания TECHNIX.","Гайка трапецеидальная (бронза) d=16 мм, шаг резьбы 4 мм (левая резьба), LRM 16-4-G TECHNIX",200
https://technix-rus.ru/catalog/shvp/gayki_shvp/gayka_shvp_dfu3205_technix/,Гайка ШВП DFU3205 TECHNIX купить в Санкт-Петербурге по оптовым ценам от производителя | TECHNIX,"Гайка ШВП DFU3205 TECHNIX: купить у производителя по оптовым ценам в Санкт-Петербурге. 
Большой выбор промышленных комплектующих. ✔️ Гарантия качества. ✔️ Компания TECHNIX.
",Гайка ШВП DFU3205 TECHNIX,200
https://technix-rus.ru/catalog/shvp/opory_shvp/opora_shvp_fk15_technix/,Опора ШВП FK15 TECHNIX купить в Санкт-Петербурге по оптовым ценам от производителя | TECHNIX,"Опора ШВП FK15 TECHNIX: купить у производителя по оптовым ценам в Санкт-Петербурге. 
Большой выбор промышленных комплектующих. ✔️ Гарантия качества. ✔️ Компания TECHNIX.
",Опора ШВП FK15 TECHNIX,200
https://technix-rus.ru/catalog/shvp/gayki_shvp/gayka_shvp_sfu1204_technix/,"Гайка ШВП SFU 1204 – купить недорого в СПб, цена и характеристики в интернет-магазине производителя ",Гайка ШВП SFU 1204 от компании-производителя промышленных комплектующих Technix. Оптовые цены в официальном магазине в СПб.,Гайка ШВП SFU1204 TECHNIX,200
https://technix-rus.ru/company/solutions/otraslevye-resheniya-dlya-gornodobyvayushchej-promyshlennosti-i-proizvodstva-stroitelnyh-materialov/,Отраслевые решения для горнодобывающей промышленности и производства строительных материалов от компании TECHNIX,"Отраслевые решения для горнодобывающей промышленности и производства строительных материалов. Звёздочки, зубчатые колёса, соединительные муфты, ШВП, подшипники. Собственное производство. доставка по РФ. +7 (812) 490-76-72",Отраслевые решения для горнодобывающей промышленности и производства строительных материалов,200
https://technix-rus.ru/catalog/shvp/derzhateli_dlya_gaek/derzhatel_dlya_gayki_shvp_dsg5005_technix/,Держатель для гайки ШВП DSG5005 TECHNIX купить в Санкт-Петербурге по оптовым ценам от производителя | TECHNIX,"Держатель для гайки ШВП DSG5005 TECHNIX: купить у производителя по оптовым ценам в Санкт-Петербурге. 
Большой выбор промышленных комплектующих. ✔️ Гарантия качества. ✔️ Компания TECHNIX.
",Держатель для гайки ШВП DSG5005 TECHNIX,200
https://technix-rus.ru/catalog/zubchatye_reyki/reyka_zubchataya_pryamozubaya_25x25_l_2000_mm_m_4_cr36200_technix/,"Рейка зубчатая прямозубая: 25x25, L=2000 мм, M=4 CR36200 TECHNIX купить в Санкт-Петербурге по оптовым ценам от производителя | TECHNIX","Рейка зубчатая прямозубая: 25x25, L=2000 мм, M=4 CR36200 TECHNIX: купить у производителя по оптовым ценам в Санкт-Петербурге. 
Большой выбор промышленных комплектующих. ✔️ Гарантия качества. ✔️ Компания TECHNIX.
","Рейка зубчатая прямозубая: 25x25, L=2000 мм, M=4 CR36200 TECHNIX",200
https://technix-rus.ru/catalog/sistemy_lineynogo_peremeshcheniya/lineynye_podshipniki/,Линейные подшипники купить напрямую от производителя по оптовым ценам в Санкт-Петербурге,Линейные подшипники купить напрямую от производителя по оптовым ценам в Санкт-Петербурге. Большой выбор промышленных комплектующих напрямую от завода Technix. Подробнее на сайте.,Линейные подшипники,200
https://technix-rus.ru/catalog/podshipniki/podshipnikovye_uzly/podshipnikovyy_uzel_ucf209_technix/,Подшипниковый узел UCF209 TECHNIX купить в Санкт-Петербурге по оптовым ценам от производителя | TECHNIX,"Подшипниковый узел UCF209 TECHNIX: купить у производителя по оптовым ценам в Санкт-Петербурге. 
Большой выбор промышленных комплектующих. ✔️ Гарантия качества. ✔️ Компания TECHNIX.",Подшипниковый узел UCF209 TECHNIX,200
https://technix-rus.ru/catalog/podshipniki/podshipnikovye_uzly/podshipnikovyy_uzel_ucfl209_technix/,Подшипниковый узел UCFL209 TECHNIX купить в Санкт-Петербурге по оптовым ценам от производителя | TECHNIX,"Подшипниковый узел UCFL209 TECHNIX: купить у производителя по оптовым ценам в Санкт-Петербурге. 
Большой выбор промышленных комплектующих. ✔️ Гарантия качества. ✔️ Компания TECHNIX.",Подшипниковый узел UCFL209 TECHNIX,200
https://technix-rus.ru/catalog/podshipniki/razemnye_korpusa_1/kryshki/tortsevaya_kryshka_dlya_korpusa_snl_512_technix/,Торцевая крышка для корпуса SNL 512 TECHNIX купить в Санкт-Петербурге по оптовым ценам от производителя | TECHNIX,"Торцевая крышка для корпуса SNL 512 TECHNIX: купить у производителя по оптовым ценам в Санкт-Петербурге. 
Большой выбор промышленных комплектующих. ✔️ Гарантия качества. ✔️ Компания TECHNIX.",Торцевая крышка для корпуса SNL 512 TECHNIX,200
https://technix-rus.ru/catalog/podshipniki/razemnye_korpusa_1/upornye_koltsa/koltso_snl508_sr80x8_technix/,Кольцо SNL508-SR80x8 TECHNIX купить в Санкт-Петербурге по оптовым ценам от производителя | TECHNIX,"Кольцо SNL508-SR80x8 TECHNIX: купить у производителя по оптовым ценам в Санкт-Петербурге. 
Большой выбор промышленных комплектующих. ✔️ Гарантия качества. ✔️ Компания TECHNIX.",Кольцо SNL508-SR80x8 TECHNIX,200
https://technix-rus.ru/catalog/podshipniki/razemnye_korpusa_1/uplotneniya/uplotnenie_tsng518_technix/,Уплотнение TSNG518 TECHNIX купить в Санкт-Петербурге по оптовым ценам от производителя | TECHNIX,"Уплотнение TSNG518 TECHNIX: купить у производителя по оптовым ценам в Санкт-Петербурге. 
Большой выбор промышленных комплектующих. ✔️ Гарантия качества. ✔️ Компания TECHNIX.",Уплотнение TSNG518 TECHNIX,200
https://technix-rus.ru/catalog/podshipniki/razemnye_korpusa_1/razemnye_korpusa_2/razemnyy_korpus_snl516_613_technix_bez_podshipnika/,Разъемный корпус SNL516-613 TECHNIX (без подшипника) купить в Санкт-Петербурге по оптовым ценам от производителя | TECHNIX,"Разъемный корпус SNL516-613 TECHNIX (без подшипника): купить у производителя по оптовым ценам в Санкт-Петербурге. 
Большой выбор промышленных комплектующих. ✔️ Гарантия качества. ✔️ Компания TECHNIX.",Разъемный корпус SNL516-613 TECHNIX (без подшипника),200
https://technix-rus.ru/catalog/podshipniki/razemnye_korpusa_1/uplotneniya/uplotnenie_tsng513_technix/,Уплотнение TSNG513 TECHNIX купить в Санкт-Петербурге по оптовым ценам от производителя | TECHNIX,"Уплотнение TSNG513 TECHNIX: купить у производителя по оптовым ценам в Санкт-Петербурге. 
Большой выбор промышленных комплектующих. ✔️ Гарантия качества. ✔️ Компания TECHNIX.",Уплотнение TSNG513 TECHNIX,200
https://technix-rus.ru/catalog/podshipniki/razemnye_korpusa_1/uplotneniya/uplotnenie_tsng510_technix/,Уплотнение TSNG510 TECHNIX купить в Санкт-Петербурге по оптовым ценам от производителя | TECHNIX,"Уплотнение TSNG510 TECHNIX: купить у производителя по оптовым ценам в Санкт-Петербурге. 
Большой выбор промышленных комплектующих. ✔️ Гарантия качества. ✔️ Компания TECHNIX.",Уплотнение TSNG510 TECHNIX,200
https://technix-rus.ru/catalog/podshipniki/razemnye_korpusa_1/razemnye_korpusa_2/razemnyy_korpus_snl518_615_technix/,Разъемный корпус SNL518-615 TECHNIX купить в Санкт-Петербурге по оптовым ценам от производителя | TECHNIX,"Разъемный корпус SNL518-615 TECHNIX: купить у производителя по оптовым ценам в Санкт-Петербурге. 
Большой выбор промышленных комплектующих. ✔️ Гарантия качества. ✔️ Компания TECHNIX.",Разъемный корпус SNL518-615 TECHNIX,200
https://technix-rus.ru/catalog/sistemy_lineynogo_peremeshcheniya/valy/valy_3/val_pretsizionnyy_polyy_khromirovannyy_wvh40_technix/,Вал прецизионный полый хромированный WVH40 TECHNIX купить в Санкт-Петербурге по оптовым ценам от производителя | TECHNIX,"Вал прецизионный полый хромированный WVH40 TECHNIX: купить у производителя по оптовым ценам в Санкт-Петербурге. 
Большой выбор промышленных комплектующих. ✔️ Гарантия качества. ✔️ Компания TECHNIX.",Вал прецизионный полый хромированный WVH40 TECHNIX,200
https://technix-rus.ru/catalog/podshipniki/razemnye_korpusa_1/razemnye_korpusa_2/razemnyy_korpus_snl516_613_technix/,Разъемный корпус SNL516-613 TECHNIX купить в Санкт-Петербурге по оптовым ценам от производителя | TECHNIX,"Разъемный корпус SNL516-613 TECHNIX: купить у производителя по оптовым ценам в Санкт-Петербурге. 
Большой выбор промышленных комплектующих. ✔️ Гарантия качества. ✔️ Компания TECHNIX.",Разъемный корпус SNL516-613 TECHNIX,200
https://technix-rus.ru/catalog/podshipniki/razemnye_korpusa_1/razemnye_korpusa_2/razemnyy_korpus_snl515_612_technix/,Разъемный корпус SNL515-612 TECHNIX купить в Санкт-Петербурге по оптовым ценам от производителя | TECHNIX,"Разъемный корпус SNL515-612 TECHNIX: купить у производителя по оптовым ценам в Санкт-Петербурге. 
Большой выбор промышленных комплектующих. ✔️ Гарантия качества. ✔️ Компания TECHNIX.",Разъемный корпус SNL515-612 TECHNIX,200
https://technix-rus.ru/catalog/podshipniki/razemnye_korpusa_1/kryshki/tortsevaya_kryshka_dlya_korpusa_snl_510_608_technix/,Торцевая крышка для корпуса SNL 510-608 TECHNIX купить в Санкт-Петербурге по оптовым ценам от производителя | TECHNIX,"Торцевая крышка для корпуса SNL 510-608 TECHNIX: купить у производителя по оптовым ценам в Санкт-Петербурге. 
Большой выбор промышленных комплектующих. ✔️ Гарантия качества. ✔️ Компания TECHNIX.",Торцевая крышка для корпуса SNL 510-608 TECHNIX,200
https://technix-rus.ru/catalog/podshipniki/razemnye_korpusa_1/kryshki/tortsevaya_kryshka_dlya_korpusa_snl_540_technix/,Торцевая крышка для корпуса SNL 540 TECHNIX купить в Санкт-Петербурге по оптовым ценам от производителя | TECHNIX,"Торцевая крышка для корпуса SNL 540 TECHNIX: купить у производителя по оптовым ценам в Санкт-Петербурге. 
Большой выбор промышленных комплектующих. ✔️ Гарантия качества. ✔️ Компания TECHNIX.",Торцевая крышка для корпуса SNL 540 TECHNIX,200
https://technix-rus.ru/catalog/podshipniki/razemnye_korpusa_1/kryshki/tortsevaya_kryshka_dlya_korpusa_snl_542_technix/,Торцевая крышка для корпуса SNL 542 TECHNIX купить в Санкт-Петербурге по оптовым ценам от производителя | TECHNIX,"Торцевая крышка для корпуса SNL 542 TECHNIX: купить у производителя по оптовым ценам в Санкт-Петербурге. 
Большой выбор промышленных комплектующих. ✔️ Гарантия качества. ✔️ Компания TECHNIX.",Торцевая крышка для корпуса SNL 542 TECHNIX,200
https://technix-rus.ru/catalog/podshipniki/razemnye_korpusa_1/kryshki/tortsevaya_kryshka_dlya_korpusa_snl_508_607_technix/,Торцевая крышка для корпуса SNL 508-607 TECHNIX купить в Санкт-Петербурге по оптовым ценам от производителя | TECHNIX,"Торцевая крышка для корпуса SNL 508-607 TECHNIX: купить у производителя по оптовым ценам в Санкт-Петербурге. 
Большой выбор промышленных комплектующих. ✔️ Гарантия качества. ✔️ Компания TECHNIX.",Торцевая крышка для корпуса SNL 508-607 TECHNIX,200
https://technix-rus.ru/catalog/shvp/opory_shvp/opora_shvp_ff20_technix/,Опора ШВП FF20 TECHNIX купить в Санкт-Петербурге по оптовым ценам от производителя | TECHNIX,"Опора ШВП FF20 TECHNIX: купить у производителя по оптовым ценам в Санкт-Петербурге. 
Большой выбор промышленных комплектующих. ✔️ Гарантия качества. ✔️ Компания TECHNIX.
",Опора ШВП FF20 TECHNIX,200
https://technix-rus.ru/catalog/shvp/opory_shvp/opora_shvp_bk15_technix/,Опора ШВП BK15 TECHNIX купить в Санкт-Петербурге по оптовым ценам от производителя | TECHNIX,"Опора ШВП BK15 TECHNIX: купить у производителя по оптовым ценам в Санкт-Петербурге. 
Большой выбор промышленных комплектующих. ✔️ Гарантия качества. ✔️ Компания TECHNIX.
",Опора ШВП BK15 TECHNIX,200
https://technix-rus.ru/catalog/shvp/opory_shvp/opora_shvp_fk20_technix/,Опора ШВП FK20 TECHNIX купить в Санкт-Петербурге по оптовым ценам от производителя | TECHNIX,"Опора ШВП FK20 TECHNIX: купить у производителя по оптовым ценам в Санкт-Петербурге. 
Большой выбор промышленных комплектующих. ✔️ Гарантия качества. ✔️ Компания TECHNIX.
",Опора ШВП FK20 TECHNIX,200
https://technix-rus.ru/catalog/zubchatye_reyki/reyka_zubchataya_pryamozubaya_25x25_l_1000_mm_m_4_cr36100_technix/,"Рейка зубчатая прямозубая: 25x25, L=1000 мм, M=4 CR36100 TECHNIX купить в Санкт-Петербурге по оптовым ценам от производителя | TECHNIX","Рейка зубчатая прямозубая: 25x25, L=1000 мм, M=4 CR36100 TECHNIX: купить у производителя по оптовым ценам в Санкт-Петербурге. 
Большой выбор промышленных комплектующих. ✔️ Гарантия качества. ✔️ Компания TECHNIX.
","Рейка зубчатая прямозубая: 25x25, L=1000 мм, M=4 CR36100 TECHNIX",200
https://technix-rus.ru/catalog/shvp/opory_shvp/opora_shvp_fk12_technix/,Опора ШВП FK12 TECHNIX купить в Санкт-Петербурге по оптовым ценам от производителя | TECHNIX,"Опора ШВП FK12 TECHNIX: купить у производителя по оптовым ценам в Санкт-Петербурге. 
Большой выбор промышленных комплектующих. ✔️ Гарантия качества. ✔️ Компания TECHNIX.
",Опора ШВП FK12 TECHNIX,200
https://technix-rus.ru/catalog/shvp/opory_shvp/opora_shvp_bk30_technix/,Опора ШВП BK30 TECHNIX купить в Санкт-Петербурге по оптовым ценам от производителя | TECHNIX,"Опора ШВП BK30 TECHNIX: купить у производителя по оптовым ценам в Санкт-Петербурге. 
Большой выбор промышленных комплектующих. ✔️ Гарантия качества. ✔️ Компания TECHNIX.
",Опора ШВП BK30 TECHNIX,200
https://technix-rus.ru/catalog/shvp/opory_shvp/opora_shvp_bk20_technix/,Опора ШВП BK20 TECHNIX купить в Санкт-Петербурге по оптовым ценам от производителя | TECHNIX,"Опора ШВП BK20 TECHNIX: купить у производителя по оптовым ценам в Санкт-Петербурге. 
Большой выбор промышленных комплектующих. ✔️ Гарантия качества. ✔️ Компания TECHNIX.
",Опора ШВП BK20 TECHNIX,200
https://technix-rus.ru/catalog/shvp/opory_shvp/opora_shvp_bf30_technix/,Опора ШВП BF30 TECHNIX купить в Санкт-Петербурге по оптовым ценам от производителя | TECHNIX,"Опора ШВП BF30 TECHNIX: купить у производителя по оптовым ценам в Санкт-Петербурге. 
Большой выбор промышленных комплектующих. ✔️ Гарантия качества. ✔️ Компания TECHNIX.
",Опора ШВП BF30 TECHNIX,200
https://technix-rus.ru/catalog/sistemy_lineynogo_peremeshcheniya/karetki/kartridzhi/,Смазочные картриджи купить в Санкт-Петербурге по оптовым ценам от производителя | TECHNIX,Смазочные картриджи: купить у производителя по оптовым ценам в Санкт-Петербурге. Большой выбор промышленных комплектующих. ✔️ Гарантия качества. ✔️ Компания TECHNIX.,Смазочные картриджи для направляющих,200
https://technix-rus.ru/catalog/shvp/opory_shvp/opora_shvp_bk25_technix/,Опора ШВП BK25 TECHNIX купить в Санкт-Петербурге по оптовым ценам от производителя | TECHNIX,"Опора ШВП BK25 TECHNIX: купить у производителя по оптовым ценам в Санкт-Петербурге. 
Большой выбор промышленных комплектующих. ✔️ Гарантия качества. ✔️ Компания TECHNIX.
",Опора ШВП BK25 TECHNIX,200
https://technix-rus.ru/catalog/shvp/opory_shvp/opora_shvp_bf20_technix/,Опора ШВП BF20 TECHNIX купить в Санкт-Петербурге по оптовым ценам от производителя | TECHNIX,"Опора ШВП BF20 TECHNIX: купить у производителя по оптовым ценам в Санкт-Петербурге. 
Большой выбор промышленных комплектующих. ✔️ Гарантия качества. ✔️ Компания TECHNIX.
",Опора ШВП BF20 TECHNIX,200
https://technix-rus.ru/catalog/shvp/opory_shvp/opora_shvp_ff15_technix/,Опора ШВП FF15 TECHNIX купить в Санкт-Петербурге по оптовым ценам от производителя | TECHNIX,"Опора ШВП FF15 TECHNIX: купить у производителя по оптовым ценам в Санкт-Петербурге. 
Большой выбор промышленных комплектующих. ✔️ Гарантия качества. ✔️ Компания TECHNIX.
",Опора ШВП FF15 TECHNIX,200
https://technix-rus.ru/catalog/shvp/opory_shvp/opora_shvp_bk10_technix/,Опора ШВП BK10 TECHNIX купить в Санкт-Петербурге по оптовым ценам от производителя | TECHNIX,"Опора ШВП BK10 TECHNIX: купить у производителя по оптовым ценам в Санкт-Петербурге. 
Большой выбор промышленных комплектующих. ✔️ Гарантия качества. ✔️ Компания TECHNIX.
",Опора ШВП BK10 TECHNIX,200
https://technix-rus.ru/catalog/shvp/opory_shvp/opora_shvp_bk17_technix/,Опора ШВП BK17 TECHNIX купить в Санкт-Петербурге по оптовым ценам от производителя | TECHNIX,"Опора ШВП BK17 TECHNIX: купить у производителя по оптовым ценам в Санкт-Петербурге. 
Большой выбор промышленных комплектующих. ✔️ Гарантия качества. ✔️ Компания TECHNIX.
",Опора ШВП BK17 TECHNIX,200
https://technix-rus.ru/catalog/podshipniki/razemnye_korpusa_1/kryshki/tortsevaya_kryshka_dlya_korpusa_snl_509_technix/,Торцевая крышка для корпуса SNL 509 TECHNIX купить в Санкт-Петербурге по оптовым ценам от производителя | TECHNIX,"Торцевая крышка для корпуса SNL 509 TECHNIX: купить у производителя по оптовым ценам в Санкт-Петербурге. 
Большой выбор промышленных комплектующих. ✔️ Гарантия качества. ✔️ Компания TECHNIX.",Торцевая крышка для корпуса SNL 509 TECHNIX,200
https://technix-rus.ru/catalog/podshipniki/korpusnye_podshipniki/seriya-uc/,Корпусные подшипники серии UC купить в Санкт-Петербурге по оптовым ценам от производителя | TECHNIX,Корпусные подшипники серии UC: купить у производителя по оптовым ценам в Санкт-Петербурге. Большой выбор промышленных комплектующих. ✔️ Гарантия качества. ✔️ Компания TECHNIX.,Корпусные подшипники UC,200
https://technix-rus.ru/catalog/podshipniki/razemnye_korpusa_1/razemnye_korpusa_2/razemnyy_korpus_snl517_technix/,Разъемный корпус SNL517 TECHNIX купить в Санкт-Петербурге по оптовым ценам от производителя | TECHNIX,"Разъемный корпус SNL517 TECHNIX: купить у производителя по оптовым ценам в Санкт-Петербурге. 
Большой выбор промышленных комплектующих. ✔️ Гарантия качества. ✔️ Компания TECHNIX.",Разъемный корпус SNL517 TECHNIX,200
https://technix-rus.ru/catalog/podshipniki/razemnye_korpusa_1/kryshki/tortsevaya_kryshka_dlya_korpusa_snl_528_technix/,Торцевая крышка для корпуса SNL 528 TECHNIX купить в Санкт-Петербурге по оптовым ценам от производителя | TECHNIX,"Торцевая крышка для корпуса SNL 528 TECHNIX: купить у производителя по оптовым ценам в Санкт-Петербурге. 
Большой выбор промышленных комплектующих. ✔️ Гарантия качества. ✔️ Компания TECHNIX.",Торцевая крышка для корпуса SNL 528 TECHNIX,200
https://technix-rus.ru/catalog/podshipniki/razemnye_korpusa_1/kryshki/tortsevaya_kryshka_dlya_korpusa_snl_520_617_technix/,Торцевая крышка для корпуса SNL 520-617 TECHNIX купить в Санкт-Петербурге по оптовым ценам от производителя | TECHNIX,"Торцевая крышка для корпуса SNL 520-617 TECHNIX: купить у производителя по оптовым ценам в Санкт-Петербурге. 
Большой выбор промышленных комплектующих. ✔️ Гарантия качества. ✔️ Компания TECHNIX.",Торцевая крышка для корпуса SNL 520-617 TECHNIX,200
https://technix-rus.ru/catalog/podshipniki/razemnye_korpusa_1/kryshki/tortsevaya_kryshka_dlya_korpusa_snl_532_technix/,Торцевая крышка для корпуса SNL 532 TECHNIX купить в Санкт-Петербурге по оптовым ценам от производителя | TECHNIX,"Торцевая крышка для корпуса SNL 532 TECHNIX: купить у производителя по оптовым ценам в Санкт-Петербурге. 
Большой выбор промышленных комплектующих. ✔️ Гарантия качества. ✔️ Компания TECHNIX.",Торцевая крышка для корпуса SNL 532 TECHNIX,200
https://technix-rus.ru/catalog/podshipniki/razemnye_korpusa_1/kryshki/tortsevaya_kryshka_dlya_korpusa_snl_519_616_technix/,Торцевая крышка для корпуса SNL 519-616 TECHNIX купить в Санкт-Петербурге по оптовым ценам от производителя | TECHNIX,"Торцевая крышка для корпуса SNL 519-616 TECHNIX: купить у производителя по оптовым ценам в Санкт-Петербурге. 
Большой выбор промышленных комплектующих. ✔️ Гарантия качества. ✔️ Компания TECHNIX.",Торцевая крышка для корпуса SNL 519-616 TECHNIX,200
https://technix-rus.ru/catalog/podshipniki/razemnye_korpusa_1/kryshki/tortsevaya_kryshka_dlya_korpusa_snl_522_619_technix/,Торцевая крышка для корпуса SNL 522-619 TECHNIX купить в Санкт-Петербурге по оптовым ценам от производителя | TECHNIX,"Торцевая крышка для корпуса SNL 522-619 TECHNIX: купить у производителя по оптовым ценам в Санкт-Петербурге. 
Большой выбор промышленных комплектующих. ✔️ Гарантия качества. ✔️ Компания TECHNIX.",Торцевая крышка для корпуса SNL 522-619 TECHNIX,200
https://technix-rus.ru/catalog/podshipniki/razemnye_korpusa_1/kryshki/tortsevaya_kryshka_dlya_korpusa_snl_507_606_technix/,Торцевая крышка для корпуса SNL 507-606 TECHNIX купить в Санкт-Петербурге по оптовым ценам от производителя | TECHNIX,"Торцевая крышка для корпуса SNL 507-606 TECHNIX: купить у производителя по оптовым ценам в Санкт-Петербурге. 
Большой выбор промышленных комплектующих. ✔️ Гарантия качества. ✔️ Компания TECHNIX.",Торцевая крышка для корпуса SNL 507-606 TECHNIX,200
https://technix-rus.ru/catalog/podshipniki/razemnye_korpusa_1/kryshki/tortsevaya_kryshka_dlya_korpusa_snl_524_620_technix/,Торцевая крышка для корпуса SNL 524-620 TECHNIX купить в Санкт-Петербурге по оптовым ценам от производителя | TECHNIX,"Торцевая крышка для корпуса SNL 524-620 TECHNIX: купить у производителя по оптовым ценам в Санкт-Петербурге. 
Большой выбор промышленных комплектующих. ✔️ Гарантия качества. ✔️ Компания TECHNIX.",Торцевая крышка для корпуса SNL 524-620 TECHNIX,200
https://technix-rus.ru/catalog/podshipniki/razemnye_korpusa_1/kryshki/tortsevaya_kryshka_dlya_korpusa_snl_530_technix/,Торцевая крышка для корпуса SNL 530 TECHNIX купить в Санкт-Петербурге по оптовым ценам от производителя | TECHNIX,"Торцевая крышка для корпуса SNL 530 TECHNIX: купить у производителя по оптовым ценам в Санкт-Петербурге. 
Большой выбор промышленных комплектующих. ✔️ Гарантия качества. ✔️ Компания TECHNIX.",Торцевая крышка для корпуса SNL 530 TECHNIX,200
https://technix-rus.ru/catalog/podshipniki/razemnye_korpusa_1/kryshki/tortsevaya_kryshka_dlya_korpusa_snl_518_615_technix/,Торцевая крышка для корпуса SNL 518-615 TECHNIX купить в Санкт-Петербурге по оптовым ценам от производителя | TECHNIX,"Торцевая крышка для корпуса SNL 518-615 TECHNIX: купить у производителя по оптовым ценам в Санкт-Петербурге. 
Большой выбор промышленных комплектующих. ✔️ Гарантия качества. ✔️ Компания TECHNIX.",Торцевая крышка для корпуса SNL 518-615 TECHNIX,200
https://technix-rus.ru/catalog/podshipniki/razemnye_korpusa_1/kryshki/tortsevaya_kryshka_dlya_korpusa_snl_517_technix/,Торцевая крышка для корпуса SNL 517 TECHNIX купить в Санкт-Петербурге по оптовым ценам от производителя | TECHNIX,"Торцевая крышка для корпуса SNL 517 TECHNIX: купить у производителя по оптовым ценам в Санкт-Петербурге. 
Большой выбор промышленных комплектующих. ✔️ Гарантия качества. ✔️ Компания TECHNIX.",Торцевая крышка для корпуса SNL 517 TECHNIX,200
https://technix-rus.ru/catalog/podshipniki/razemnye_korpusa_1/kryshki/tortsevaya_kryshka_dlya_korpusa_snl_511_technix/,Торцевая крышка для корпуса SNL 511 TECHNIX купить в Санкт-Петербурге по оптовым ценам от производителя | TECHNIX,"Торцевая крышка для корпуса SNL 511 TECHNIX: купить у производителя по оптовым ценам в Санкт-Петербурге. 
Большой выбор промышленных комплектующих. ✔️ Гарантия качества. ✔️ Компания TECHNIX.",Торцевая крышка для корпуса SNL 511 TECHNIX,200
https://technix-rus.ru/catalog/podshipniki/razemnye_korpusa_1/upornye_koltsa/koltso_snl517_sr150x16_5_technix/,"Кольцо SNL517-SR150X16,5 TECHNIX купить в Санкт-Петербурге по оптовым ценам от производителя | TECHNIX","Кольцо SNL517-SR150X16,5 TECHNIX: купить у производителя по оптовым ценам в Санкт-Петербурге. 
Большой выбор промышленных комплектующих. ✔️ Гарантия качества. ✔️ Компания TECHNIX.","Кольцо SNL517-SR150X16,5 TECHNIX",200
https://technix-rus.ru/catalog/podshipniki/razemnye_korpusa_1/upornye_koltsa/koltso_snl526_sr230x10_technix/,Кольцо SNL526-SR230X10 TECHNIX купить в Санкт-Петербурге по оптовым ценам от производителя | TECHNIX,"Кольцо SNL526-SR230X10 TECHNIX: купить у производителя по оптовым ценам в Санкт-Петербурге. 
Большой выбор промышленных комплектующих. ✔️ Гарантия качества. ✔️ Компания TECHNIX.",Кольцо SNL526-SR230X10 TECHNIX,200
https://technix-rus.ru/catalog/podshipniki/razemnye_korpusa_1/upornye_koltsa/koltso_snl526_sr230x13_technix/,Кольцо SNL526-SR230X13 TECHNIX купить в Санкт-Петербурге по оптовым ценам от производителя | TECHNIX,"Кольцо SNL526-SR230X13 TECHNIX: купить у производителя по оптовым ценам в Санкт-Петербурге. 
Большой выбор промышленных комплектующих. ✔️ Гарантия качества. ✔️ Компания TECHNIX.",Кольцо SNL526-SR230X13 TECHNIX,200
https://technix-rus.ru/catalog/podshipniki/razemnye_korpusa_1/razemnye_korpusa_2/razemnyy_korpus_snl511_609_technix/,Разъемный корпус SNL511-609 TECHNIX купить в Санкт-Петербурге по оптовым ценам от производителя | TECHNIX,"Разъемный корпус SNL511-609 TECHNIX: купить у производителя по оптовым ценам в Санкт-Петербурге. 
Большой выбор промышленных комплектующих. ✔️ Гарантия качества. ✔️ Компания TECHNIX.",Разъемный корпус SNL511-609 TECHNIX,200
https://technix-rus.ru/catalog/podshipniki/razemnye_korpusa_1/upornye_koltsa/koltso_snl513_sr120x14_technix/,Кольцо SNL513-SR120X14 TECHNIX купить в Санкт-Петербурге по оптовым ценам от производителя | TECHNIX,"Кольцо SNL513-SR120X14 TECHNIX: купить у производителя по оптовым ценам в Санкт-Петербурге. 
Большой выбор промышленных комплектующих. ✔️ Гарантия качества. ✔️ Компания TECHNIX.",Кольцо SNL513-SR120X14 TECHNIX,200
https://technix-rus.ru/catalog/sistemy_lineynogo_peremeshcheniya/karetki/kartridzhi/kartridzh_hg30e2_smazyvayushchiy_technix/,Картридж HG30E2 (смазывающий) TECHNIX купить в Санкт-Петербурге по оптовым ценам от производителя | TECHNIX,"Картридж HG30E2 (смазывающий) TECHNIX: купить у производителя по оптовым ценам в Санкт-Петербурге. 
Большой выбор промышленных комплектующих. ✔️ Гарантия качества. ✔️ Компания TECHNIX.",Картридж HG30E2 (смазывающий) TECHNIX,200
https://technix-rus.ru/catalog/podshipniki/razemnye_korpusa_1/kryshki/tortsevaya_kryshka_dlya_korpusa_snl_515_612_technix/,Торцевая крышка для корпуса SNL 515-612 TECHNIX купить в Санкт-Петербурге по оптовым ценам от производителя | TECHNIX,"Торцевая крышка для корпуса SNL 515-612 TECHNIX: купить у производителя по оптовым ценам в Санкт-Петербурге. 
Большой выбор промышленных комплектующих. ✔️ Гарантия качества. ✔️ Компания TECHNIX.",Торцевая крышка для корпуса SNL 515-612 TECHNIX,200
https://technix-rus.ru/catalog/sistemy_lineynogo_peremeshcheniya/karetki/kartridzhi/kartridzh_hg25e2_smazyvayushchiy_technix/,Картридж HG25E2 (смазывающий) TECHNIX купить в Санкт-Петербурге по оптовым ценам от производителя | TECHNIX,"Картридж HG25E2 (смазывающий) TECHNIX: купить у производителя по оптовым ценам в Санкт-Петербурге. 
Большой выбор промышленных комплектующих. ✔️ Гарантия качества. ✔️ Компания TECHNIX.",Картридж HG25E2 (смазывающий) TECHNIX,200
https://technix-rus.ru/catalog/sistemy_lineynogo_peremeshcheniya/karetki/kartridzhi/kartridzh_hg15e2_smazyvayushchiy_technix/,Картридж HG15E2 (смазывающий) TECHNIX купить в Санкт-Петербурге по оптовым ценам от производителя | TECHNIX,"Картридж HG15E2 (смазывающий) TECHNIX: купить у производителя по оптовым ценам в Санкт-Петербурге. 
Большой выбор промышленных комплектующих. ✔️ Гарантия качества. ✔️ Компания TECHNIX.",Картридж HG15E2 (смазывающий) TECHNIX,200
https://technix-rus.ru/catalog/sistemy_lineynogo_peremeshcheniya/karetki/kartridzhi/kartridzh_hg35e2_smazyvayushchiy_technix/,Картридж HG35E2 (смазывающий) TECHNIX купить в Санкт-Петербурге по оптовым ценам от производителя | TECHNIX,"Картридж HG35E2 (смазывающий) TECHNIX: купить у производителя по оптовым ценам в Санкт-Петербурге. 
Большой выбор промышленных комплектующих. ✔️ Гарантия качества. ✔️ Компания TECHNIX.",Картридж HG35E2 (смазывающий) TECHNIX,200
https://technix-rus.ru/catalog/sistemy_lineynogo_peremeshcheniya/karetki/kartridzhi/kartridzh_hg45e2_smazyvayushchiy_technix/,Картридж HG45E2 (смазывающий) TECHNIX купить в Санкт-Петербурге по оптовым ценам от производителя | TECHNIX,"Картридж HG45E2 (смазывающий) TECHNIX: купить у производителя по оптовым ценам в Санкт-Петербурге. 
Большой выбор промышленных комплектующих. ✔️ Гарантия качества. ✔️ Компания TECHNIX.",Картридж HG45E2 (смазывающий) TECHNIX,200
https://technix-rus.ru/catalog/shvp/opory_shvp/opora_shvp_bf15_technix/,Опора ШВП BF15 TECHNIX купить в Санкт-Петербурге по оптовым ценам от производителя | TECHNIX,"Опора ШВП BF15 TECHNIX: купить у производителя по оптовым ценам в Санкт-Петербурге. 
Большой выбор промышленных комплектующих. ✔️ Гарантия качества. ✔️ Компания TECHNIX.
",Опора ШВП BF15 TECHNIX,200
https://technix-rus.ru/catalog/podshipniki/razemnye_korpusa_1/upornye_koltsa/koltso_snl522_sr200x10_technix/,Кольцо SNL522-SR200X10 TECHNIX купить в Санкт-Петербурге по оптовым ценам от производителя | TECHNIX,"Кольцо SNL522-SR200X10 TECHNIX: купить у производителя по оптовым ценам в Санкт-Петербурге. 
Большой выбор промышленных комплектующих. ✔️ Гарантия качества. ✔️ Компания TECHNIX.",Кольцо SNL522-SR200X10 TECHNIX,200
https://technix-rus.ru/catalog/podshipniki/razemnye_korpusa_1/razemnye_korpusa_2/razemnyy_korpus_snl509_technix/,Разъемный корпус SNL509 TECHNIX купить в Санкт-Петербурге по оптовым ценам от производителя | TECHNIX,"Разъемный корпус SNL509 TECHNIX: купить у производителя по оптовым ценам в Санкт-Петербурге. 
Большой выбор промышленных комплектующих. ✔️ Гарантия качества. ✔️ Компания TECHNIX.",Разъемный корпус SNL509 TECHNIX,200
https://technix-rus.ru/catalog/podshipniki/razemnye_korpusa_1/upornye_koltsa/koltso_snl530_sr270x16_5_technix/,"Кольцо SNL530-SR270X16,5 TECHNIX купить в Санкт-Петербурге по оптовым ценам от производителя | TECHNIX","Кольцо SNL530-SR270X16,5 TECHNIX: купить у производителя по оптовым ценам в Санкт-Петербурге. 
Большой выбор промышленных комплектующих. ✔️ Гарантия качества. ✔️ Компания TECHNIX.","Кольцо SNL530-SR270X16,5 TECHNIX",200
https://technix-rus.ru/catalog/podshipniki/razemnye_korpusa_1/razemnye_korpusa_2/razemnyy_korpus_snl510_608_technix/,Разъемный корпус SNL510-608 TECHNIX купить в Санкт-Петербурге по оптовым ценам от производителя | TECHNIX,"Разъемный корпус SNL510-608 TECHNIX: купить у производителя по оптовым ценам в Санкт-Петербурге. 
Большой выбор промышленных комплектующих. ✔️ Гарантия качества. ✔️ Компания TECHNIX.",Разъемный корпус SNL510-608 TECHNIX,200
https://technix-rus.ru/catalog/podshipniki/razemnye_korpusa_1/upornye_koltsa/koltso_snl519_sr170x18_technix/,Кольцо SNL519-SR170X18 TECHNIX купить в Санкт-Петербурге по оптовым ценам от производителя | TECHNIX,"Кольцо SNL519-SR170X18 TECHNIX: купить у производителя по оптовым ценам в Санкт-Петербурге. 
Большой выбор промышленных комплектующих. ✔️ Гарантия качества. ✔️ Компания TECHNIX.",Кольцо SNL519-SR170X18 TECHNIX,200
https://technix-rus.ru/company/solutions/rss/,Отраслевые решения,Нет описания,Нет H1,200
https://technix-rus.ru/catalog/podshipniki/razemnye_korpusa_1/razemnye_korpusa_2/razemnyy_korpus_snl510_608_technix_bez_podshipnika/,Разъемный корпус SNL510-608 TECHNIX (без подшипника) купить в Санкт-Петербурге по оптовым ценам от производителя | TECHNIX,"Разъемный корпус SNL510-608 TECHNIX (без подшипника): купить у производителя по оптовым ценам в Санкт-Петербурге. 
Большой выбор промышленных комплектующих. ✔️ Гарантия качества. ✔️ Компания TECHNIX.",Разъемный корпус SNL510-608 TECHNIX (без подшипника),200
https://technix-rus.ru/catalog/podshipniki/razemnye_korpusa_1/upornye_koltsa/koltso_snl524_sr215x14_technix/,Кольцо SNL524-SR215X14 TECHNIX купить в Санкт-Петербурге по оптовым ценам от производителя | TECHNIX,"Кольцо SNL524-SR215X14 TECHNIX: купить у производителя по оптовым ценам в Санкт-Петербурге. 
Большой выбор промышленных комплектующих. ✔️ Гарантия качества. ✔️ Компания TECHNIX.",Кольцо SNL524-SR215X14 TECHNIX,200
https://technix-rus.ru/catalog/podshipniki/razemnye_korpusa_1/razemnye_korpusa_2/razemnyy_korpus_snl507_606_technix/,Разъемный корпус SNL507-606 TECHNIX купить в Санкт-Петербурге по оптовым ценам от производителя | TECHNIX,"Разъемный корпус SNL507-606 TECHNIX: купить у производителя по оптовым ценам в Санкт-Петербурге. 
Большой выбор промышленных комплектующих. ✔️ Гарантия качества. ✔️ Компания TECHNIX.",Разъемный корпус SNL507-606 TECHNIX,200
https://technix-rus.ru/catalog/podshipniki/razemnye_korpusa_1/razemnye_korpusa_2/razemnyy_korpus_snl507_606_technix_bez_podshipnika/,Разъемный корпус SNL507-606 TECHNIX (без подшипника) купить в Санкт-Петербурге по оптовым ценам от производителя | TECHNIX,"Разъемный корпус SNL507-606 TECHNIX (без подшипника): купить у производителя по оптовым ценам в Санкт-Петербурге. 
Большой выбор промышленных комплектующих. ✔️ Гарантия качества. ✔️ Компания TECHNIX.",Разъемный корпус SNL507-606 TECHNIX (без подшипника),200
https://technix-rus.ru/catalog/shvp/opory_shvp/opora_shvp_bf12_technix/,Опора ШВП BF12 TECHNIX купить в Санкт-Петербурге по оптовым ценам от производителя | TECHNIX,"Опора ШВП BF12 TECHNIX: купить у производителя по оптовым ценам в Санкт-Петербурге. 
Большой выбор промышленных комплектующих. ✔️ Гарантия качества. ✔️ Компания TECHNIX.
",Опора ШВП BF12 TECHNIX,200
https://technix-rus.ru/catalog/sistemy_lineynogo_peremeshcheniya/karetki/kartridzhi/kartridzh_hg20e2_smazyvayushchiy_technix/,Картридж HG20E2 (смазывающий) TECHNIX купить в Санкт-Петербурге по оптовым ценам от производителя | TECHNIX,"Картридж HG20E2 (смазывающий) TECHNIX: купить у производителя по оптовым ценам в Санкт-Петербурге. 
Большой выбор промышленных комплектующих. ✔️ Гарантия качества. ✔️ Компания TECHNIX.",Картридж HG20E2 (смазывающий) TECHNIX,200
https://technix-rus.ru/catalog/podshipniki/razemnye_korpusa_1/upornye_koltsa/koltso_snl524_sr215x5_technix/,Кольцо SNL524-SR215X5 TECHNIX купить в Санкт-Петербурге по оптовым ценам от производителя | TECHNIX,"Кольцо SNL524-SR215X5 TECHNIX: купить у производителя по оптовым ценам в Санкт-Петербурге. 
Большой выбор промышленных комплектующих. ✔️ Гарантия качества. ✔️ Компания TECHNIX.",Кольцо SNL524-SR215X5 TECHNIX,200
https://technix-rus.ru/catalog/podshipniki/razemnye_korpusa_1/razemnye_korpusa_2/razemnyy_korpus_snl526_technix_bez_podshipnika/,Разъемный корпус SNL526 TECHNIX (без подшипника) купить в Санкт-Петербурге по оптовым ценам от производителя | TECHNIX,"Разъемный корпус SNL526 TECHNIX (без подшипника): купить у производителя по оптовым ценам в Санкт-Петербурге. 
Большой выбор промышленных комплектующих. ✔️ Гарантия качества. ✔️ Компания TECHNIX.",Разъемный корпус SNL526 TECHNIX (без подшипника),200
https://technix-rus.ru/catalog/podshipniki/razemnye_korpusa_1/razemnye_korpusa_2/razemnyy_korpus_snl508_607_technix/,Разъемный корпус SNL508-607 TECHNIX купить в Санкт-Петербурге по оптовым ценам от производителя | TECHNIX,"Разъемный корпус SNL508-607 TECHNIX: купить у производителя по оптовым ценам в Санкт-Петербурге. 
Большой выбор промышленных комплектующих. ✔️ Гарантия качества. ✔️ Компания TECHNIX.",Разъемный корпус SNL508-607 TECHNIX,200
https://technix-rus.ru/catalog/podshipniki/razemnye_korpusa_1/razemnye_korpusa_2/razemnyy_korpus_snl532_technix_bez_podshipnika/,Разъемный корпус SNL532 TECHNIX (без подшипника) купить в Санкт-Петербурге по оптовым ценам от производителя | TECHNIX,"Разъемный корпус SNL532 TECHNIX (без подшипника): купить у производителя по оптовым ценам в Санкт-Петербурге. 
Большой выбор промышленных комплектующих. ✔️ Гарантия качества. ✔️ Компания TECHNIX.",Разъемный корпус SNL532 TECHNIX (без подшипника),200
https://technix-rus.ru/catalog/podshipniki/razemnye_korpusa_1/razemnye_korpusa_2/razemnyy_korpus_snl513_611_technix/,Разъемный корпус SNL513-611 TECHNIX купить в Санкт-Петербурге по оптовым ценам от производителя | TECHNIX,"Разъемный корпус SNL513-611 TECHNIX: купить у производителя по оптовым ценам в Санкт-Петербурге. 
Большой выбор промышленных комплектующих. ✔️ Гарантия качества. ✔️ Компания TECHNIX.",Разъемный корпус SNL513-611 TECHNIX,200
https://technix-rus.ru/catalog/podshipniki/razemnye_korpusa_1/upornye_koltsa/koltso_snl509_sr85x5_5_technix/,"Кольцо SNL509-SR85X5,5 TECHNIX купить в Санкт-Петербурге по оптовым ценам от производителя | TECHNIX","Кольцо SNL509-SR85X5,5 TECHNIX: купить у производителя по оптовым ценам в Санкт-Петербурге. 
Большой выбор промышленных комплектующих. ✔️ Гарантия качества. ✔️ Компания TECHNIX.","Кольцо SNL509-SR85X5,5 TECHNIX",200
https://technix-rus.ru/catalog/podshipniki/razemnye_korpusa_1/razemnye_korpusa_2/razemnyy_korpus_snl528_technix_bez_podshipnika/,Разъемный корпус SNL528 TECHNIX (без подшипника) купить в Санкт-Петербурге по оптовым ценам от производителя | TECHNIX,"Разъемный корпус SNL528 TECHNIX (без подшипника): купить у производителя по оптовым ценам в Санкт-Петербурге. 
Большой выбор промышленных комплектующих. ✔️ Гарантия качества. ✔️ Компания TECHNIX.",Разъемный корпус SNL528 TECHNIX (без подшипника),200
https://technix-rus.ru/catalog/podshipniki/razemnye_korpusa_1/razemnye_korpusa_2/razemnyy_korpus_snl530_technix_bez_podshipnika/,Разъемный корпус SNL530 TECHNIX (без подшипника) купить в Санкт-Петербурге по оптовым ценам от производителя | TECHNIX,"Разъемный корпус SNL530 TECHNIX (без подшипника): купить у производителя по оптовым ценам в Санкт-Петербурге. 
Большой выбор промышленных комплектующих. ✔️ Гарантия качества. ✔️ Компания TECHNIX.",Разъемный корпус SNL530 TECHNIX (без подшипника),200
https://technix-rus.ru/catalog/podshipniki/razemnye_korpusa_1/razemnye_korpusa_2/razemnyy_korpus_snl512_610_technix/,Разъемный корпус SNL512-610 TECHNIX купить в Санкт-Петербурге по оптовым ценам от производителя | TECHNIX,"Разъемный корпус SNL512-610 TECHNIX: купить у производителя по оптовым ценам в Санкт-Петербурге. 
Большой выбор промышленных комплектующих. ✔️ Гарантия качества. ✔️ Компания TECHNIX.",Разъемный корпус SNL512-610 TECHNIX,200
https://technix-rus.ru/catalog/podshipniki/razemnye_korpusa_1/upornye_koltsa/koltso_snl509_sr85x7_technix/,Кольцо SNL509-SR85X7 TECHNIX купить в Санкт-Петербурге по оптовым ценам от производителя | TECHNIX,"Кольцо SNL509-SR85X7 TECHNIX: купить у производителя по оптовым ценам в Санкт-Петербурге. 
Большой выбор промышленных комплектующих. ✔️ Гарантия качества. ✔️ Компания TECHNIX.",Кольцо SNL509-SR85X7 TECHNIX,200
https://technix-rus.ru/catalog/podshipniki/razemnye_korpusa_1/kryshki/tortsevaya_kryshka_dlya_korpusa_snl_526_technix/,Торцевая крышка для корпуса SNL 526 TECHNIX купить в Санкт-Петербурге по оптовым ценам от производителя | TECHNIX,"Торцевая крышка для корпуса SNL 526 TECHNIX: купить у производителя по оптовым ценам в Санкт-Петербурге. 
Большой выбор промышленных комплектующих. ✔️ Гарантия качества. ✔️ Компания TECHNIX.",Торцевая крышка для корпуса SNL 526 TECHNIX,200
https://technix-rus.ru/catalog/podshipniki/razemnye_korpusa_1/razemnye_korpusa_2/razemnyy_korpus_snl508_607_technix_bez_podshipnika/,Разъемный корпус SNL508-607 TECHNIX (без подшипника) купить в Санкт-Петербурге по оптовым ценам от производителя | TECHNIX,"Разъемный корпус SNL508-607 TECHNIX (без подшипника): купить у производителя по оптовым ценам в Санкт-Петербурге. 
Большой выбор промышленных комплектующих. ✔️ Гарантия качества. ✔️ Компания TECHNIX.",Разъемный корпус SNL508-607 TECHNIX (без подшипника),200
https://technix-rus.ru/catalog/podshipniki/razemnye_korpusa_1/razemnye_korpusa_2/razemnyy_korpus_snl522_619_technix_bez_podshipnika/,Разъемный корпус SNL522-619 TECHNIX (без подшипника) купить в Санкт-Петербурге по оптовым ценам от производителя | TECHNIX,"Разъемный корпус SNL522-619 TECHNIX (без подшипника): купить у производителя по оптовым ценам в Санкт-Петербурге. 
Большой выбор промышленных комплектующих. ✔️ Гарантия качества. ✔️ Компания TECHNIX.",Разъемный корпус SNL522-619 TECHNIX (без подшипника),200
https://technix-rus.ru/catalog/podshipniki/razemnye_korpusa_1/upornye_koltsa/koltso_snl530_sr270x10_technix/,Кольцо SNL530-SR270X10 TECHNIX купить в Санкт-Петербурге по оптовым ценам от производителя | TECHNIX,"Кольцо SNL530-SR270X10 TECHNIX: купить у производителя по оптовым ценам в Санкт-Петербурге. 
Большой выбор промышленных комплектующих. ✔️ Гарантия качества. ✔️ Компания TECHNIX.",Кольцо SNL530-SR270X10 TECHNIX,200
https://technix-rus.ru/catalog/podshipniki/razemnye_korpusa_1/upornye_koltsa/koltso_snl528_sr250x10_technix/,Кольцо SNL528-SR250X10 TECHNIX купить в Санкт-Петербурге по оптовым ценам от производителя | TECHNIX,"Кольцо SNL528-SR250X10 TECHNIX: купить у производителя по оптовым ценам в Санкт-Петербурге. 
Большой выбор промышленных комплектующих. ✔️ Гарантия качества. ✔️ Компания TECHNIX.",Кольцо SNL528-SR250X10 TECHNIX,200
https://technix-rus.ru/catalog/podshipniki/razemnye_korpusa_1/razemnye_korpusa_2/razemnyy_korpus_snl517_technix_bez_podshipnika/,Разъемный корпус SNL517 TECHNIX (без подшипника) купить в Санкт-Петербурге по оптовым ценам от производителя | TECHNIX,"Разъемный корпус SNL517 TECHNIX (без подшипника): купить у производителя по оптовым ценам в Санкт-Петербурге. 
Большой выбор промышленных комплектующих. ✔️ Гарантия качества. ✔️ Компания TECHNIX.",Разъемный корпус SNL517 TECHNIX (без подшипника),200
https://technix-rus.ru/catalog/podshipniki/razemnye_korpusa_1/upornye_koltsa/koltso_snl528_sr250x15_technix/,Кольцо SNL528-SR250X15 TECHNIX купить в Санкт-Петербурге по оптовым ценам от производителя | TECHNIX,"Кольцо SNL528-SR250X15 TECHNIX: купить у производителя по оптовым ценам в Санкт-Петербурге. 
Большой выбор промышленных комплектующих. ✔️ Гарантия качества. ✔️ Компания TECHNIX.",Кольцо SNL528-SR250X15 TECHNIX,200
https://technix-rus.ru/catalog/podshipniki/razemnye_korpusa_1/upornye_koltsa/koltso_snl517_sr150x12_5_technix/,"Кольцо SNL517-SR150X12,5 TECHNIX купить в Санкт-Петербурге по оптовым ценам от производителя | TECHNIX","Кольцо SNL517-SR150X12,5 TECHNIX: купить у производителя по оптовым ценам в Санкт-Петербурге. 
Большой выбор промышленных комплектующих. ✔️ Гарантия качества. ✔️ Компания TECHNIX.","Кольцо SNL517-SR150X12,5 TECHNIX",200
https://technix-rus.ru/catalog/podshipniki/razemnye_korpusa_1/upornye_koltsa/koltso_snl510_sr90x9_technix/,Кольцо SNL510-SR90X9 TECHNIX купить в Санкт-Петербурге по оптовым ценам от производителя | TECHNIX,"Кольцо SNL510-SR90X9 TECHNIX: купить у производителя по оптовым ценам в Санкт-Петербурге. 
Большой выбор промышленных комплектующих. ✔️ Гарантия качества. ✔️ Компания TECHNIX.",Кольцо SNL510-SR90X9 TECHNIX,200
https://technix-rus.ru/catalog/podshipniki/razemnye_korpusa_1/razemnye_korpusa_2/razemnyy_korpus_snl524_620_technix_bez_podshipnika/,Разъемный корпус SNL524-620 TECHNIX (без подшипника) купить в Санкт-Петербурге по оптовым ценам от производителя | TECHNIX,"Разъемный корпус SNL524-620 TECHNIX (без подшипника): купить у производителя по оптовым ценам в Санкт-Петербурге. 
Большой выбор промышленных комплектующих. ✔️ Гарантия качества. ✔️ Компания TECHNIX.",Разъемный корпус SNL524-620 TECHNIX (без подшипника),200
https://technix-rus.ru/catalog/podshipniki/razemnye_korpusa_1/upornye_koltsa/koltso_snl507_sr72x5_5_technix/,"Кольцо SNL507-SR72X5,5 TECHNIX купить в Санкт-Петербурге по оптовым ценам от производителя | TECHNIX","Кольцо SNL507-SR72X5,5 TECHNIX: купить у производителя по оптовым ценам в Санкт-Петербурге. 
Большой выбор промышленных комплектующих. ✔️ Гарантия качества. ✔️ Компания TECHNIX.","Кольцо SNL507-SR72X5,5 TECHNIX",200
https://technix-rus.ru/catalog/podshipniki/razemnye_korpusa_1/upornye_koltsa/koltso_snl510_sr90x10_5_technix/,"Кольцо SNL510-SR90X10,5 TECHNIX купить в Санкт-Петербурге по оптовым ценам от производителя | TECHNIX","Кольцо SNL510-SR90X10,5 TECHNIX: купить у производителя по оптовым ценам в Санкт-Петербурге. 
Большой выбор промышленных комплектующих. ✔️ Гарантия качества. ✔️ Компания TECHNIX.","Кольцо SNL510-SR90X10,5 TECHNIX",200
https://technix-rus.ru/catalog/podshipniki/razemnye_korpusa_1/uplotneniya/uplotnenie_tsng520_technix/,Уплотнение TSNG520 TECHNIX купить в Санкт-Петербурге по оптовым ценам от производителя | TECHNIX,"Уплотнение TSNG520 TECHNIX: купить у производителя по оптовым ценам в Санкт-Петербурге. 
Большой выбор промышленных комплектующих. ✔️ Гарантия качества. ✔️ Компания TECHNIX.",Уплотнение TSNG520 TECHNIX,200
https://technix-rus.ru/catalog/podshipniki/razemnye_korpusa_1/upornye_koltsa/koltso_snl532_sr290x10_technix/,Кольцо SNL532-SR290X10 TECHNIX купить в Санкт-Петербурге по оптовым ценам от производителя | TECHNIX,"Кольцо SNL532-SR290X10 TECHNIX: купить у производителя по оптовым ценам в Санкт-Петербурге. 
Большой выбор промышленных комплектующих. ✔️ Гарантия качества. ✔️ Компания TECHNIX.",Кольцо SNL532-SR290X10 TECHNIX,200
https://technix-rus.ru/catalog/podshipniki/razemnye_korpusa_1/uplotneniya/uplotnenie_tsn517l_technix/,Уплотнение TSN517L TECHNIX купить в Санкт-Петербурге по оптовым ценам от производителя | TECHNIX,"Уплотнение TSN517L TECHNIX: купить у производителя по оптовым ценам в Санкт-Петербурге. 
Большой выбор промышленных комплектующих. ✔️ Гарантия качества. ✔️ Компания TECHNIX.",Уплотнение TSN517L TECHNIX,200
https://technix-rus.ru/catalog/podshipniki/razemnye_korpusa_1/uplotneniya/uplotnenie_tsns526_technix/,Уплотнение TSNS526 TECHNIX купить в Санкт-Петербурге по оптовым ценам от производителя | TECHNIX,"Уплотнение TSNS526 TECHNIX: купить у производителя по оптовым ценам в Санкт-Петербурге. 
Большой выбор промышленных комплектующих. ✔️ Гарантия качества. ✔️ Компания TECHNIX.",Уплотнение TSNS526 TECHNIX,200
https://technix-rus.ru/catalog/podshipniki/razemnye_korpusa_1/upornye_koltsa/koltso_snl520_sr180x12_technix/,Кольцо SNL520-SR180X12 TECHNIX купить в Санкт-Петербурге по оптовым ценам от производителя | TECHNIX,"Кольцо SNL520-SR180X12 TECHNIX: купить у производителя по оптовым ценам в Санкт-Петербурге. 
Большой выбор промышленных комплектующих. ✔️ Гарантия качества. ✔️ Компания TECHNIX.",Кольцо SNL520-SR180X12 TECHNIX,200
https://technix-rus.ru/catalog/podshipniki/razemnye_korpusa_1/uplotneniya/uplotnenie_tsns522_technix/,Уплотнение TSNS522 TECHNIX купить в Санкт-Петербурге по оптовым ценам от производителя | TECHNIX,"Уплотнение TSNS522 TECHNIX: купить у производителя по оптовым ценам в Санкт-Петербурге. 
Большой выбор промышленных комплектующих. ✔️ Гарантия качества. ✔️ Компания TECHNIX.",Уплотнение TSNS522 TECHNIX,200
https://technix-rus.ru/catalog/podshipniki/razemnye_korpusa_1/uplotneniya/uplotnenie_tsn522l_technix/,Уплотнение TSN522L TECHNIX купить в Санкт-Петербурге по оптовым ценам от производителя | TECHNIX,"Уплотнение TSN522L TECHNIX: купить у производителя по оптовым ценам в Санкт-Петербурге. 
Большой выбор промышленных комплектующих. ✔️ Гарантия качества. ✔️ Компания TECHNIX.",Уплотнение TSN522L TECHNIX,200
https://technix-rus.ru/catalog/podshipniki/razemnye_korpusa_1/uplotneniya/uplotnenie_tsns530_technix/,Уплотнение TSNS530 TECHNIX купить в Санкт-Петербурге по оптовым ценам от производителя | TECHNIX,"Уплотнение TSNS530 TECHNIX: купить у производителя по оптовым ценам в Санкт-Петербурге. 
Большой выбор промышленных комплектующих. ✔️ Гарантия качества. ✔️ Компания TECHNIX.",Уплотнение TSNS530 TECHNIX,200
https://technix-rus.ru/catalog/podshipniki/razemnye_korpusa_1/uplotneniya/uplotnenie_tsns532_technix/,Уплотнение TSNS532 TECHNIX купить в Санкт-Петербурге по оптовым ценам от производителя | TECHNIX,"Уплотнение TSNS532 TECHNIX: купить у производителя по оптовым ценам в Санкт-Петербурге. 
Большой выбор промышленных комплектующих. ✔️ Гарантия качества. ✔️ Компания TECHNIX.",Уплотнение TSNS532 TECHNIX,200
https://technix-rus.ru/catalog/podshipniki/razemnye_korpusa_1/uplotneniya/uplotnenie_tsn508l_technix/,Уплотнение TSN508L TECHNIX купить в Санкт-Петербурге по оптовым ценам от производителя | TECHNIX,"Уплотнение TSN508L TECHNIX: купить у производителя по оптовым ценам в Санкт-Петербурге. 
Большой выбор промышленных комплектующих. ✔️ Гарантия качества. ✔️ Компания TECHNIX.",Уплотнение TSN508L TECHNIX,200
https://technix-rus.ru/catalog/podshipniki/razemnye_korpusa_1/uplotneniya/uplotnenie_tsng519_technix/,Уплотнение TSNG519 TECHNIX купить в Санкт-Петербурге по оптовым ценам от производителя | TECHNIX,"Уплотнение TSNG519 TECHNIX: купить у производителя по оптовым ценам в Санкт-Петербурге. 
Большой выбор промышленных комплектующих. ✔️ Гарантия качества. ✔️ Компания TECHNIX.",Уплотнение TSNG519 TECHNIX,200
https://technix-rus.ru/catalog/podshipniki/razemnye_korpusa_1/uplotneniya/uplotnenie_tsng507_technix/,Уплотнение TSNG507 TECHNIX купить в Санкт-Петербурге по оптовым ценам от производителя | TECHNIX,"Уплотнение TSNG507 TECHNIX: купить у производителя по оптовым ценам в Санкт-Петербурге. 
Большой выбор промышленных комплектующих. ✔️ Гарантия качества. ✔️ Компания TECHNIX.",Уплотнение TSNG507 TECHNIX,200
https://technix-rus.ru/catalog/podshipniki/razemnye_korpusa_1/uplotneniya/uplotnenie_tsns520_technix/,Уплотнение TSNS520 TECHNIX купить в Санкт-Петербурге по оптовым ценам от производителя | TECHNIX,"Уплотнение TSNS520 TECHNIX: купить у производителя по оптовым ценам в Санкт-Петербурге. 
Большой выбор промышленных комплектующих. ✔️ Гарантия качества. ✔️ Компания TECHNIX.",Уплотнение TSNS520 TECHNIX,200
https://technix-rus.ru/catalog/podshipniki/razemnye_korpusa_1/razemnye_korpusa_2/razemnyy_korpus_snl509_technix_bez_podshipnika/,Разъемный корпус SNL509 TECHNIX (без подшипника) купить в Санкт-Петербурге по оптовым ценам от производителя | TECHNIX,"Разъемный корпус SNL509 TECHNIX (без подшипника): купить у производителя по оптовым ценам в Санкт-Петербурге. 
Большой выбор промышленных комплектующих. ✔️ Гарантия качества. ✔️ Компания TECHNIX.",Разъемный корпус SNL509 TECHNIX (без подшипника),200
https://technix-rus.ru/catalog/podshipniki/razemnye_korpusa_1/uplotneniya/uplotnenie_tsns516_technix/,Уплотнение TSNS516 TECHNIX купить в Санкт-Петербурге по оптовым ценам от производителя | TECHNIX,"Уплотнение TSNS516 TECHNIX: купить у производителя по оптовым ценам в Санкт-Петербурге. 
Большой выбор промышленных комплектующих. ✔️ Гарантия качества. ✔️ Компания TECHNIX.",Уплотнение TSNS516 TECHNIX,200
https://technix-rus.ru/catalog/podshipniki/razemnye_korpusa_1/uplotneniya/uplotnenie_tsn510l_technix/,Уплотнение TSN510L TECHNIX купить в Санкт-Петербурге по оптовым ценам от производителя | TECHNIX,"Уплотнение TSN510L TECHNIX: купить у производителя по оптовым ценам в Санкт-Петербурге. 
Большой выбор промышленных комплектующих. ✔️ Гарантия качества. ✔️ Компания TECHNIX.",Уплотнение TSN510L TECHNIX,200
https://technix-rus.ru/catalog/podshipniki/razemnye_korpusa_1/uplotneniya/uplotnenie_tsn528l_technix/,Уплотнение TSN528L TECHNIX купить в Санкт-Петербурге по оптовым ценам от производителя | TECHNIX,"Уплотнение TSN528L TECHNIX: купить у производителя по оптовым ценам в Санкт-Петербурге. 
Большой выбор промышленных комплектующих. ✔️ Гарантия качества. ✔️ Компания TECHNIX.",Уплотнение TSN528L TECHNIX,200
https://technix-rus.ru/catalog/podshipniki/razemnye_korpusa_1/uplotneniya/uplotnenie_tsns517_technix/,Уплотнение TSNS517 TECHNIX купить в Санкт-Петербурге по оптовым ценам от производителя | TECHNIX,"Уплотнение TSNS517 TECHNIX: купить у производителя по оптовым ценам в Санкт-Петербурге. 
Большой выбор промышленных комплектующих. ✔️ Гарантия качества. ✔️ Компания TECHNIX.",Уплотнение TSNS517 TECHNIX,200
https://technix-rus.ru/catalog/sistemy_lineynogo_peremeshcheniya/napravlyayushchie/napravlyayushchaya_egr20rh_nizkoprofilnaya_technix/,Направляющая EGR20RH (низкопрофильная) TECHNIX купить в Санкт-Петербурге по оптовым ценам от производителя | TECHNIX,"Направляющая EGR20RH (низкопрофильная) TECHNIX: купить у производителя по оптовым ценам в Санкт-Петербурге. 
Большой выбор промышленных комплектующих. ✔️ Гарантия качества. ✔️ Компания TECHNIX.",Направляющая EGR20RH (низкопрофильная) TECHNIX,200
https://technix-rus.ru/catalog/podshipniki/razemnye_korpusa_1/uplotneniya/uplotnenie_tsn512l_technix/,Уплотнение TSN512L TECHNIX купить в Санкт-Петербурге по оптовым ценам от производителя | TECHNIX,"Уплотнение TSN512L TECHNIX: купить у производителя по оптовым ценам в Санкт-Петербурге. 
Большой выбор промышленных комплектующих. ✔️ Гарантия качества. ✔️ Компания TECHNIX.",Уплотнение TSN512L TECHNIX,200
https://technix-rus.ru/catalog/podshipniki/razemnye_korpusa_1/uplotneniya/uplotnenie_tsns518_technix/,Уплотнение TSNS518 TECHNIX купить в Санкт-Петербурге по оптовым ценам от производителя | TECHNIX,"Уплотнение TSNS518 TECHNIX: купить у производителя по оптовым ценам в Санкт-Петербурге. 
Большой выбор промышленных комплектующих. ✔️ Гарантия качества. ✔️ Компания TECHNIX.",Уплотнение TSNS518 TECHNIX,200
https://technix-rus.ru/catalog/podshipniki/razemnye_korpusa_1/uplotneniya/uplotnenie_tsn515l_technix/,Уплотнение TSN515L TECHNIX купить в Санкт-Петербурге по оптовым ценам от производителя | TECHNIX,"Уплотнение TSN515L TECHNIX: купить у производителя по оптовым ценам в Санкт-Петербурге. 
Большой выбор промышленных комплектующих. ✔️ Гарантия качества. ✔️ Компания TECHNIX.",Уплотнение TSN515L TECHNIX,200
https://technix-rus.ru/catalog/sistemy_lineynogo_peremeshcheniya/napravlyayushchie/napravlyayushchaya_hgr25_technix/,Направляющая HGR25 TECHNIX купить в Санкт-Петербурге по оптовым ценам от производителя | TECHNIX,"Направляющая HGR25 TECHNIX: купить у производителя по оптовым ценам в Санкт-Петербурге. 
Большой выбор промышленных комплектующих. ✔️ Гарантия качества. ✔️ Компания TECHNIX.",Направляющая HGR25 TECHNIX,200
https://technix-rus.ru/catalog/sistemy_lineynogo_peremeshcheniya/napravlyayushchie/napravlyayushchaya_hgr20_technix/,Направляющая HGR20 TECHNIX купить в Санкт-Петербурге по оптовым ценам от производителя | TECHNIX,"Направляющая HGR20 TECHNIX: купить у производителя по оптовым ценам в Санкт-Петербурге. 
Большой выбор промышленных комплектующих. ✔️ Гарантия качества. ✔️ Компания TECHNIX.",Направляющая HGR20 TECHNIX,200
https://technix-rus.ru/catalog/sistemy_lineynogo_peremeshcheniya/napravlyayushchie/napravlyayushchaya_egr25rh_nizkoprofilnaya_technix/,Направляющая EGR25RH (низкопрофильная) TECHNIX купить в Санкт-Петербурге по оптовым ценам от производителя | TECHNIX,"Направляющая EGR25RH (низкопрофильная) TECHNIX: купить у производителя по оптовым ценам в Санкт-Петербурге. 
Большой выбор промышленных комплектующих. ✔️ Гарантия качества. ✔️ Компания TECHNIX.",Направляющая EGR25RH (низкопрофильная) TECHNIX,200
https://technix-rus.ru/catalog/sistemy_lineynogo_peremeshcheniya/napravlyayushchie/napravlyayushchaya_hgr30_technix/,Направляющая HGR30 TECHNIX купить в Санкт-Петербурге по оптовым ценам от производителя | TECHNIX,"Направляющая HGR30 TECHNIX: купить у производителя по оптовым ценам в Санкт-Петербурге. 
Большой выбор промышленных комплектующих. ✔️ Гарантия качества. ✔️ Компания TECHNIX.",Направляющая HGR30 TECHNIX,200
https://technix-rus.ru/catalog/sistemy_lineynogo_peremeshcheniya/napravlyayushchie/napravlyayushchaya_hgr35_technix/,Направляющая HGR35 TECHNIX купить в Санкт-Петербурге по оптовым ценам от производителя | TECHNIX,"Направляющая HGR35 TECHNIX: купить у производителя по оптовым ценам в Санкт-Петербурге. 
Большой выбор промышленных комплектующих. ✔️ Гарантия качества. ✔️ Компания TECHNIX.",Направляющая HGR35 TECHNIX,200
https://technix-rus.ru/catalog/podshipniki/razemnye_korpusa_1/upornye_koltsa/koltso_snl511_sr100x11_5_technix/,"Кольцо SNL511-SR100X11,5 TECHNIX купить в Санкт-Петербурге по оптовым ценам от производителя | TECHNIX","Кольцо SNL511-SR100X11,5 TECHNIX: купить у производителя по оптовым ценам в Санкт-Петербурге. 
Большой выбор промышленных комплектующих. ✔️ Гарантия качества. ✔️ Компания TECHNIX.","Кольцо SNL511-SR100X11,5 TECHNIX",200
https://technix-rus.ru/catalog/podshipniki/razemnye_korpusa_1/uplotneniya/uplotnenie_tsns519_technix/,Уплотнение TSNS519 TECHNIX купить в Санкт-Петербурге по оптовым ценам от производителя | TECHNIX,"Уплотнение TSNS519 TECHNIX: купить у производителя по оптовым ценам в Санкт-Петербурге. 
Большой выбор промышленных комплектующих. ✔️ Гарантия качества. ✔️ Компания TECHNIX.",Уплотнение TSNS519 TECHNIX,200
https://technix-rus.ru/catalog/sistemy_lineynogo_peremeshcheniya/napravlyayushchie/napravlyayushchaya_hgr15_technix/,Направляющая HGR15 TECHNIX купить в Санкт-Петербурге по оптовым ценам от производителя | TECHNIX,"Направляющая HGR15 TECHNIX: купить у производителя по оптовым ценам в Санкт-Петербурге. 
Большой выбор промышленных комплектующих. ✔️ Гарантия качества. ✔️ Компания TECHNIX.",Направляющая HGR15 TECHNIX,200
https://technix-rus.ru/catalog/sistemy_lineynogo_peremeshcheniya/napravlyayushchie/napravlyayushchaya_egr30rh_nizkoprofilnaya_technix/,Направляющая EGR30RH (низкопрофильная) TECHNIX купить в Санкт-Петербурге по оптовым ценам от производителя | TECHNIX,"Направляющая EGR30RH (низкопрофильная) TECHNIX: купить у производителя по оптовым ценам в Санкт-Петербурге. 
Большой выбор промышленных комплектующих. ✔️ Гарантия качества. ✔️ Компания TECHNIX.",Направляющая EGR30RH (низкопрофильная) TECHNIX,200
https://technix-rus.ru/catalog/sistemy_lineynogo_peremeshcheniya/napravlyayushchie/napravlyayushchaya_hgr45_technix/,Направляющая HGR45 TECHNIX купить в Санкт-Петербурге по оптовым ценам от производителя | TECHNIX,"Направляющая HGR45 TECHNIX: купить у производителя по оптовым ценам в Санкт-Петербурге. 
Большой выбор промышленных комплектующих. ✔️ Гарантия качества. ✔️ Компания TECHNIX.",Направляющая HGR45 TECHNIX,200
https://technix-rus.ru/catalog/podshipniki/razemnye_korpusa_1/razemnye_korpusa_2/razemnyy_korpus_snl515_612_technix_bez_podshipnika/,Разъемный корпус SNL515-612 TECHNIX (без подшипника) купить в Санкт-Петербурге по оптовым ценам от производителя | TECHNIX,"Разъемный корпус SNL515-612 TECHNIX (без подшипника): купить у производителя по оптовым ценам в Санкт-Петербурге. 
Большой выбор промышленных комплектующих. ✔️ Гарантия качества. ✔️ Компания TECHNIX.",Разъемный корпус SNL515-612 TECHNIX (без подшипника),200
https://technix-rus.ru/catalog/podshipniki/razemnye_korpusa_1/uplotneniya/uplotnenie_tsng509_technix/,Уплотнение TSNG509 TECHNIX купить в Санкт-Петербурге по оптовым ценам от производителя | TECHNIX,"Уплотнение TSNG509 TECHNIX: купить у производителя по оптовым ценам в Санкт-Петербурге. 
Большой выбор промышленных комплектующих. ✔️ Гарантия качества. ✔️ Компания TECHNIX.",Уплотнение TSNG509 TECHNIX,200
https://technix-rus.ru/catalog/podshipniki/razemnye_korpusa_1/upornye_koltsa/koltso_snl515_sr130x12_5_technix/,"Кольцо SNL515-SR130X12,5 TECHNIX купить в Санкт-Петербурге по оптовым ценам от производителя | TECHNIX","Кольцо SNL515-SR130X12,5 TECHNIX: купить у производителя по оптовым ценам в Санкт-Петербурге. 
Большой выбор промышленных комплектующих. ✔️ Гарантия качества. ✔️ Компания TECHNIX.","Кольцо SNL515-SR130X12,5 TECHNIX",200
https://technix-rus.ru/catalog/podshipniki/razemnye_korpusa_1/upornye_koltsa/koltso_snl511_sr100x9_5_technix/,"Кольцо SNL511-SR100X9,5 TECHNIX купить в Санкт-Петербурге по оптовым ценам от производителя | TECHNIX","Кольцо SNL511-SR100X9,5 TECHNIX: купить у производителя по оптовым ценам в Санкт-Петербурге. 
Большой выбор промышленных комплектующих. ✔️ Гарантия качества. ✔️ Компания TECHNIX.","Кольцо SNL511-SR100X9,5 TECHNIX",200
https://technix-rus.ru/catalog/podshipniki/razemnye_korpusa_1/uplotneniya/uplotnenie_tsn507l_technix/,Уплотнение TSN507L TECHNIX купить в Санкт-Петербурге по оптовым ценам от производителя | TECHNIX,"Уплотнение TSN507L TECHNIX: купить у производителя по оптовым ценам в Санкт-Петербурге. 
Большой выбор промышленных комплектующих. ✔️ Гарантия качества. ✔️ Компания TECHNIX.",Уплотнение TSN507L TECHNIX,200
https://technix-rus.ru/catalog/podshipniki/razemnye_korpusa_1/uplotneniya/uplotnenie_tsng512_technix/,Уплотнение TSNG512 TECHNIX купить в Санкт-Петербурге по оптовым ценам от производителя | TECHNIX,"Уплотнение TSNG512 TECHNIX: купить у производителя по оптовым ценам в Санкт-Петербурге. 
Большой выбор промышленных комплектующих. ✔️ Гарантия качества. ✔️ Компания TECHNIX.",Уплотнение TSNG512 TECHNIX,200
https://technix-rus.ru/catalog/podshipniki/razemnye_korpusa_1/upornye_koltsa/koltso_snl519_sr170x12_5_technix/,"Кольцо SNL519-SR170X12,5 TECHNIX купить в Санкт-Петербурге по оптовым ценам от производителя | TECHNIX","Кольцо SNL519-SR170X12,5 TECHNIX: купить у производителя по оптовым ценам в Санкт-Петербурге. 
Большой выбор промышленных комплектующих. ✔️ Гарантия качества. ✔️ Компания TECHNIX.","Кольцо SNL519-SR170X12,5 TECHNIX",200
https://technix-rus.ru/catalog/podshipniki/razemnye_korpusa_1/uplotneniya/uplotnenie_tsn516l_technix/,Уплотнение TSN516L TECHNIX купить в Санкт-Петербурге по оптовым ценам от производителя | TECHNIX,"Уплотнение TSN516L TECHNIX: купить у производителя по оптовым ценам в Санкт-Петербурге. 
Большой выбор промышленных комплектующих. ✔️ Гарантия качества. ✔️ Компания TECHNIX.",Уплотнение TSN516L TECHNIX,200
https://technix-rus.ru/catalog/podshipniki/razemnye_korpusa_1/razemnye_korpusa_2/razemnyy_korpus_snl520_617_technix_bez_podshipnika/,Разъемный корпус SNL520-617 TECHNIX (без подшипника) купить в Санкт-Петербурге по оптовым ценам от производителя | TECHNIX,"Разъемный корпус SNL520-617 TECHNIX (без подшипника): купить у производителя по оптовым ценам в Санкт-Петербурге. 
Большой выбор промышленных комплектующих. ✔️ Гарантия качества. ✔️ Компания TECHNIX.",Разъемный корпус SNL520-617 TECHNIX (без подшипника),200
https://technix-rus.ru/catalog/podshipniki/razemnye_korpusa_1/kryshki/tortsevaya_kryshka_dlya_korpusa_snl_513_611_technix/,Торцевая крышка для корпуса SNL 513-611 TECHNIX купить в Санкт-Петербурге по оптовым ценам от производителя | TECHNIX,"Торцевая крышка для корпуса SNL 513-611 TECHNIX: купить у производителя по оптовым ценам в Санкт-Петербурге. 
Большой выбор промышленных комплектующих. ✔️ Гарантия качества. ✔️ Компания TECHNIX.",Торцевая крышка для корпуса SNL 513-611 TECHNIX,200
https://technix-rus.ru/catalog/podshipniki/razemnye_korpusa_1/razemnye_korpusa_2/razemnyy_korpus_snl518_615_technix_bez_podshipnika/,Разъемный корпус SNL518-615 TECHNIX (без подшипника) купить в Санкт-Петербурге по оптовым ценам от производителя | TECHNIX,"Разъемный корпус SNL518-615 TECHNIX (без подшипника): купить у производителя по оптовым ценам в Санкт-Петербурге. 
Большой выбор промышленных комплектующих. ✔️ Гарантия качества. ✔️ Компания TECHNIX.",Разъемный корпус SNL518-615 TECHNIX (без подшипника),200
https://technix-rus.ru/catalog/podshipniki/razemnye_korpusa_1/uplotneniya/uplotnenie_tsn511l_technix/,Уплотнение TSN511L TECHNIX купить в Санкт-Петербурге по оптовым ценам от производителя | TECHNIX,"Уплотнение TSN511L TECHNIX: купить у производителя по оптовым ценам в Санкт-Петербурге. 
Большой выбор промышленных комплектующих. ✔️ Гарантия качества. ✔️ Компания TECHNIX.",Уплотнение TSN511L TECHNIX,200
https://technix-rus.ru/catalog/podshipniki/razemnye_korpusa_1/upornye_koltsa/koltso_snl518_sr160x17_5_technix/,"Кольцо SNL518-SR160X17,5 TECHNIX купить в Санкт-Петербурге по оптовым ценам от производителя | TECHNIX","Кольцо SNL518-SR160X17,5 TECHNIX: купить у производителя по оптовым ценам в Санкт-Петербурге. 
Большой выбор промышленных комплектующих. ✔️ Гарантия качества. ✔️ Компания TECHNIX.","Кольцо SNL518-SR160X17,5 TECHNIX",200
https://technix-rus.ru/catalog/podshipniki/razemnye_korpusa_1/uplotneniya/uplotnenie_tsns528_technix/,Уплотнение TSNS528 TECHNIX купить в Санкт-Петербурге по оптовым ценам от производителя | TECHNIX,"Уплотнение TSNS528 TECHNIX: купить у производителя по оптовым ценам в Санкт-Петербурге. 
Большой выбор промышленных комплектующих. ✔️ Гарантия качества. ✔️ Компания TECHNIX.",Уплотнение TSNS528 TECHNIX,200
https://technix-rus.ru/catalog/podshipniki/razemnye_korpusa_1/uplotneniya/uplotnenie_tsn518l_technix/,Уплотнение TSN518L TECHNIX купить в Санкт-Петербурге по оптовым ценам от производителя | TECHNIX,"Уплотнение TSN518L TECHNIX: купить у производителя по оптовым ценам в Санкт-Петербурге. 
Большой выбор промышленных комплектующих. ✔️ Гарантия качества. ✔️ Компания TECHNIX.",Уплотнение TSN518L TECHNIX,200
https://technix-rus.ru/catalog/podshipniki/razemnye_korpusa_1/razemnye_korpusa_2/razemnyy_korpus_snl512_610_technix_bez_podshipnika/,Разъемный корпус SNL512-610 TECHNIX (без подшипника) купить в Санкт-Петербурге по оптовым ценам от производителя | TECHNIX,"Разъемный корпус SNL512-610 TECHNIX (без подшипника): купить у производителя по оптовым ценам в Санкт-Петербурге. 
Большой выбор промышленных комплектующих. ✔️ Гарантия качества. ✔️ Компания TECHNIX.",Разъемный корпус SNL512-610 TECHNIX (без подшипника),200
https://technix-rus.ru/catalog/podshipniki/razemnye_korpusa_1/upornye_koltsa/koltso_snl512_sr110x10_technix/,Кольцо SNL512-SR110X10 TECHNIX купить в Санкт-Петербурге по оптовым ценам от производителя | TECHNIX,"Кольцо SNL512-SR110X10 TECHNIX: купить у производителя по оптовым ценам в Санкт-Петербурге. 
Большой выбор промышленных комплектующих. ✔️ Гарантия качества. ✔️ Компания TECHNIX.",Кольцо SNL512-SR110X10 TECHNIX,200
https://technix-rus.ru/catalog/podshipniki/razemnye_korpusa_1/razemnye_korpusa_2/razemnyy_korpus_snl519_616_technix_bez_podshipnika/,Разъемный корпус SNL519-616 TECHNIX (без подшипника) купить в Санкт-Петербурге по оптовым ценам от производителя | TECHNIX,"Разъемный корпус SNL519-616 TECHNIX (без подшипника): купить у производителя по оптовым ценам в Санкт-Петербурге. 
Большой выбор промышленных комплектующих. ✔️ Гарантия качества. ✔️ Компания TECHNIX.",Разъемный корпус SNL519-616 TECHNIX (без подшипника),200
https://technix-rus.ru/catalog/podshipniki/podshipnikovye_uzly/podshipnikovyy_uzel_ucfc209_technix/,Подшипниковый узел UCFC209 TECHNIX купить в Санкт-Петербурге по оптовым ценам от производителя | TECHNIX,"Подшипниковый узел UCFC209 TECHNIX: купить у производителя по оптовым ценам в Санкт-Петербурге. 
Большой выбор промышленных комплектующих. ✔️ Гарантия качества. ✔️ Компания TECHNIX.",Подшипниковый узел UCFC209 TECHNIX,200
https://technix-rus.ru/catalog/podshipniki/podshipnikovye_uzly/podshipnikovyy_uzel_ucf210_technix/,Подшипниковый узел UCF210 TECHNIX купить в Санкт-Петербурге по оптовым ценам от производителя | TECHNIX,"Подшипниковый узел UCF210 TECHNIX: купить у производителя по оптовым ценам в Санкт-Петербурге. 
Большой выбор промышленных комплектующих. ✔️ Гарантия качества. ✔️ Компания TECHNIX.",Подшипниковый узел UCF210 TECHNIX,200
https://technix-rus.ru/catalog/podshipniki/podshipnikovye_uzly/podshipnikovyy_uzel_ucf204_light_technix/,Подшипниковый узел UCF204 LIGHT TECHNIX купить в Санкт-Петербурге по оптовым ценам от производителя | TECHNIX,"Подшипниковый узел UCF204 LIGHT TECHNIX: купить у производителя по оптовым ценам в Санкт-Петербурге. 
Большой выбор промышленных комплектующих. ✔️ Гарантия качества. ✔️ Компания TECHNIX.",Подшипниковый узел UCF204 LIGHT TECHNIX,200
https://technix-rus.ru/catalog/podshipniki/razemnye_korpusa_1/razemnye_korpusa_2/razemnyy_korpus_snl511_609_technix_bez_podshipnika/,Разъемный корпус SNL511-609 TECHNIX (без подшипника) купить в Санкт-Петербурге по оптовым ценам от производителя | TECHNIX,"Разъемный корпус SNL511-609 TECHNIX (без подшипника): купить у производителя по оптовым ценам в Санкт-Петербурге. 
Большой выбор промышленных комплектующих. ✔️ Гарантия качества. ✔️ Компания TECHNIX.",Разъемный корпус SNL511-609 TECHNIX (без подшипника),200
https://technix-rus.ru/catalog/podshipniki/podshipnikovye_uzly/podshipnikovyy_uzel_ucp205_light_technix/,Подшипниковый узел UCP205 LIGHT TECHNIX купить в Санкт-Петербурге по оптовым ценам от производителя | TECHNIX,"Подшипниковый узел UCP205 LIGHT TECHNIX: купить у производителя по оптовым ценам в Санкт-Петербурге. 
Большой выбор промышленных комплектующих. ✔️ Гарантия качества. ✔️ Компания TECHNIX.",Подшипниковый узел UCP205 LIGHT TECHNIX,200
https://technix-rus.ru/catalog/podshipniki/podshipnikovye_uzly/podshipnikovyy_uzel_ucpa208_technix/,Подшипниковый узел UCPA208 TECHNIX купить в Санкт-Петербурге по оптовым ценам от производителя | TECHNIX,"Подшипниковый узел UCPA208 TECHNIX: купить у производителя по оптовым ценам в Санкт-Петербурге. 
Большой выбор промышленных комплектующих. ✔️ Гарантия качества. ✔️ Компания TECHNIX.",Подшипниковый узел UCPA208 TECHNIX,200
https://technix-rus.ru/catalog/podshipniki/razemnye_korpusa_1/kryshki/tortsevaya_kryshka_dlya_korpusa_snl_516_613_technix/,Торцевая крышка для корпуса SNL 516-613 TECHNIX купить в Санкт-Петербурге по оптовым ценам от производителя | TECHNIX,"Торцевая крышка для корпуса SNL 516-613 TECHNIX: купить у производителя по оптовым ценам в Санкт-Петербурге. 
Большой выбор промышленных комплектующих. ✔️ Гарантия качества. ✔️ Компания TECHNIX.",Торцевая крышка для корпуса SNL 516-613 TECHNIX,200
https://technix-rus.ru/catalog/podshipniki/podshipnikovye_uzly/podshipnikovyy_uzel_ucf206_technix/,"Подшипниковый узел UCF206 Technix – купить недорого, цена и характеристики в интернет-магазине производителя в СПб",Подшипниковый узел UCF206 от производителя промышленных комплектующих Technix. Технические характеристики и описание. Выгодные цены в официальном магазине компании в Санкт-Петербурге!,Подшипниковый узел UCF206 TECHNIX,200
https://technix-rus.ru/catalog/podshipniki/podshipnikovye_uzly/podshipnikovyy_uzel_ucfc204_technix/,Подшипниковый узел UCFC204 TECHNIX купить в Санкт-Петербурге по оптовым ценам от производителя | TECHNIX,"Подшипниковый узел UCFC204 TECHNIX: купить у производителя по оптовым ценам в Санкт-Петербурге. 
Большой выбор промышленных комплектующих. ✔️ Гарантия качества. ✔️ Компания TECHNIX.",Подшипниковый узел UCFC204 TECHNIX,200
https://technix-rus.ru/catalog/podshipniki/podshipnikovye_uzly/podshipnikovyy_uzel_ucp204_light_technix/,Подшипниковый узел UCP204 LIGHT TECHNIX купить в Санкт-Петербурге по оптовым ценам от производителя | TECHNIX,"Подшипниковый узел UCP204 LIGHT TECHNIX: купить у производителя по оптовым ценам в Санкт-Петербурге. 
Большой выбор промышленных комплектующих. ✔️ Гарантия качества. ✔️ Компания TECHNIX.",Подшипниковый узел UCP204 LIGHT TECHNIX,200
https://technix-rus.ru/catalog/podshipniki/podshipnikovye_uzly/podshipnikovyy_uzel_ucf208_technix/,"Подшипниковый узел UCF 208 TECHNIX (квадратный фланцевый корпус F208 и шарикоподшипник UC208) – купить недорого в СПб, цена и характеристики в интернет-магазине производителя",Подшипниковый узел UCF 208 от производителя промышленных комплектующих Technix. Выгодные цены на корпусные подшипники в официальном магазине компании в СПб.,Подшипниковый узел UCF208 TECHNIX,200
https://technix-rus.ru/catalog/podshipniki/podshipnikovye_uzly/podshipnikovyy_uzel_ucpa204_technix/,Подшипниковый узел UCPA204 TECHNIX купить в Санкт-Петербурге по оптовым ценам от производителя | TECHNIX,"Подшипниковый узел UCPA204 TECHNIX: купить у производителя по оптовым ценам в Санкт-Петербурге. 
Большой выбор промышленных комплектующих. ✔️ Гарантия качества. ✔️ Компания TECHNIX.",Подшипниковый узел UCPA204 TECHNIX,200
https://technix-rus.ru/catalog/podshipniki/podshipnikovye_uzly/podshipnikovyy_uzel_ucp211_technix/,Подшипниковый узел UCP211 TECHNIX купить в Санкт-Петербурге по оптовым ценам от производителя | TECHNIX,"Подшипниковый узел UCP211 TECHNIX: купить у производителя по оптовым ценам в Санкт-Петербурге. 
Большой выбор промышленных комплектующих. ✔️ Гарантия качества. ✔️ Компания TECHNIX.",Подшипниковый узел UCP211 TECHNIX,200
https://technix-rus.ru/catalog/podshipniki/podshipnikovye_uzly/podshipnikovyy_uzel_ucfl208_technix/,Подшипниковый узел UCFL208 TECHNIX купить в Санкт-Петербурге по оптовым ценам от производителя | TECHNIX,"Подшипниковый узел UCFL208 TECHNIX: купить у производителя по оптовым ценам в Санкт-Петербурге. 
Большой выбор промышленных комплектующих. ✔️ Гарантия качества. ✔️ Компания TECHNIX.",Подшипниковый узел UCFL208 TECHNIX,200
https://technix-rus.ru/catalog/podshipniki/podshipnikovye_uzly/podshipnikovyy_uzel_ucp208_technix/,"Подшипниковый узел UCP 208 TECHNIX – купить недорого в СПб, цена и характеристики в интернет-магазине производителя ",Подшипниковый узел UCP 208 от производителя промышленных комплектующих Technix. Выгодные цены на корпусные подшипники в официальном магазине компании в СПб.,Подшипниковый узел UCP208 TECHNIX,200
https://technix-rus.ru/catalog/podshipniki/korpusnye_podshipniki/podshipnik_uc211_light_technix/,Подшипник UC211 LIGHT TECHNIX купить в Санкт-Петербурге по оптовым ценам от производителя | TECHNIX,"Подшипник UC211 LIGHT TECHNIX: купить у производителя по оптовым ценам в Санкт-Петербурге. 
Большой выбор промышленных комплектующих. ✔️ Гарантия качества. ✔️ Компания TECHNIX.",Подшипник UC211 LIGHT TECHNIX,200
https://technix-rus.ru/catalog/podshipniki/podshipnikovye_uzly/podshipnikovyy_uzel_uct212_technix/,Подшипниковый узел UCT212 TECHNIX купить в Санкт-Петербурге по оптовым ценам от производителя | TECHNIX,"Подшипниковый узел UCT212 TECHNIX: купить у производителя по оптовым ценам в Санкт-Петербурге. 
Большой выбор промышленных комплектующих. ✔️ Гарантия качества. ✔️ Компания TECHNIX.",Подшипниковый узел UCT212 TECHNIX,200
https://technix-rus.ru/catalog/podshipniki/korpusnye_podshipniki/podshipnik_uc209_light_technix/,Подшипник UC209 LIGHT TECHNIX купить в Санкт-Петербурге по оптовым ценам от производителя | TECHNIX,"Подшипник UC209 LIGHT TECHNIX: купить у производителя по оптовым ценам в Санкт-Петербурге. 
Большой выбор промышленных комплектующих. ✔️ Гарантия качества. ✔️ Компания TECHNIX.",Подшипник UC209 LIGHT TECHNIX,200
https://technix-rus.ru/catalog/podshipniki/korpusnye_podshipniki/podshipnik_uc208_light_technix/,Подшипник UC208 LIGHT TECHNIX купить в Санкт-Петербурге по оптовым ценам от производителя | TECHNIX,"Подшипник UC208 LIGHT TECHNIX: купить у производителя по оптовым ценам в Санкт-Петербурге. 
Большой выбор промышленных комплектующих. ✔️ Гарантия качества. ✔️ Компания TECHNIX.",Подшипник UC208 LIGHT TECHNIX,200
https://technix-rus.ru/catalog/podshipniki/korpusnye_podshipniki/podshipnik_uc206_light_technix/,Подшипник UC206 LIGHT TECHNIX купить в Санкт-Петербурге по оптовым ценам от производителя | TECHNIX,"Подшипник UC206 LIGHT TECHNIX: купить у производителя по оптовым ценам в Санкт-Петербурге. 
Большой выбор промышленных комплектующих. ✔️ Гарантия качества. ✔️ Компания TECHNIX.",Подшипник UC206 LIGHT TECHNIX,200
https://technix-rus.ru/catalog/podshipniki/korpusnye_podshipniki/podshipnik_uc204_light_technix/,Подшипник UC204 LIGHT TECHNIX купить в Санкт-Петербурге по оптовым ценам от производителя | TECHNIX,"Подшипник UC204 LIGHT TECHNIX: купить у производителя по оптовым ценам в Санкт-Петербурге. 
Большой выбор промышленных комплектующих. ✔️ Гарантия качества. ✔️ Компания TECHNIX.",Подшипник UC204 LIGHT TECHNIX,200
https://technix-rus.ru/catalog/podshipniki/korpusnye_podshipniki/podshipnik_uk205_technix/,Подшипник UK205 TECHNIX купить в Санкт-Петербурге по оптовым ценам от производителя | TECHNIX,"Подшипник UK205 TECHNIX: купить у производителя по оптовым ценам в Санкт-Петербурге. 
Большой выбор промышленных комплектующих. ✔️ Гарантия качества. ✔️ Компания TECHNIX.",Подшипник UK205 TECHNIX,200
https://technix-rus.ru/catalog/podshipniki/korpusnye_podshipniki/podshipnik_uk206_technix/,Подшипник UK206 TECHNIX купить в Санкт-Петербурге по оптовым ценам от производителя | TECHNIX,"Подшипник UK206 TECHNIX: купить у производителя по оптовым ценам в Санкт-Петербурге. 
Большой выбор промышленных комплектующих. ✔️ Гарантия качества. ✔️ Компания TECHNIX.",Подшипник UK206 TECHNIX,200
https://technix-rus.ru/catalog/podshipniki/korpusnye_podshipniki/podshipnik_uk207_technix/,Подшипник UK207 TECHNIX купить в Санкт-Петербурге по оптовым ценам от производителя | TECHNIX,"Подшипник UK207 TECHNIX: купить у производителя по оптовым ценам в Санкт-Петербурге. 
Большой выбор промышленных комплектующих. ✔️ Гарантия качества. ✔️ Компания TECHNIX.",Подшипник UK207 TECHNIX,200
https://technix-rus.ru/catalog/podshipniki/korpusnye_podshipniki/podshipnik_uk208_technix/,Подшипник UK208 TECHNIX купить в Санкт-Петербурге по оптовым ценам от производителя | TECHNIX,"Подшипник UK208 TECHNIX: купить у производителя по оптовым ценам в Санкт-Петербурге. 
Большой выбор промышленных комплектующих. ✔️ Гарантия качества. ✔️ Компания TECHNIX.",Подшипник UK208 TECHNIX,200
https://technix-rus.ru/catalog/podshipniki/korpusnye_podshipniki/podshipnik_uk209_technix/,Подшипник UK209 TECHNIX купить в Санкт-Петербурге по оптовым ценам от производителя | TECHNIX,"Подшипник UK209 TECHNIX: купить у производителя по оптовым ценам в Санкт-Петербурге. 
Большой выбор промышленных комплектующих. ✔️ Гарантия качества. ✔️ Компания TECHNIX.",Подшипник UK209 TECHNIX,200
https://technix-rus.ru/catalog/podshipniki/korpusnye_podshipniki/podshipnik_uk210_technix/,Подшипник UK210 TECHNIX купить в Санкт-Петербурге по оптовым ценам от производителя | TECHNIX,"Подшипник UK210 TECHNIX: купить у производителя по оптовым ценам в Санкт-Петербурге. 
Большой выбор промышленных комплектующих. ✔️ Гарантия качества. ✔️ Компания TECHNIX.",Подшипник UK210 TECHNIX,200
https://technix-rus.ru/catalog/podshipniki/korpusnye_podshipniki/podshipnik_uk211_technix/,Подшипник UK211 TECHNIX купить в Санкт-Петербурге по оптовым ценам от производителя | TECHNIX,"Подшипник UK211 TECHNIX: купить у производителя по оптовым ценам в Санкт-Петербурге. 
Большой выбор промышленных комплектующих. ✔️ Гарантия качества. ✔️ Компания TECHNIX.",Подшипник UK211 TECHNIX,200
https://technix-rus.ru/catalog/podshipniki/korpusnye_podshipniki/podshipnik_uk212_technix/,Подшипник UK212 TECHNIX купить в Санкт-Петербурге по оптовым ценам от производителя | TECHNIX,"Подшипник UK212 TECHNIX: купить у производителя по оптовым ценам в Санкт-Петербурге. 
Большой выбор промышленных комплектующих. ✔️ Гарантия качества. ✔️ Компания TECHNIX.",Подшипник UK212 TECHNIX,200
https://technix-rus.ru/catalog/podshipniki/podshipnikovye_uzly/podshipnikovyy_uzel_ucfc208_technix/,Подшипниковый узел UCFC208 TECHNIX купить в Санкт-Петербурге по оптовым ценам от производителя | TECHNIX,"Подшипниковый узел UCFC208 TECHNIX: купить у производителя по оптовым ценам в Санкт-Петербурге. 
Большой выбор промышленных комплектующих. ✔️ Гарантия качества. ✔️ Компания TECHNIX.",Подшипниковый узел UCFC208 TECHNIX,200
https://technix-rus.ru/catalog/podshipniki/korpusnye_podshipniki/podshipnik_uk213_technix/,Подшипник UK213 TECHNIX купить в Санкт-Петербурге по оптовым ценам от производителя | TECHNIX,"Подшипник UK213 TECHNIX: купить у производителя по оптовым ценам в Санкт-Петербурге. 
Большой выбор промышленных комплектующих. ✔️ Гарантия качества. ✔️ Компания TECHNIX.",Подшипник UK213 TECHNIX,200
https://technix-rus.ru/catalog/podshipniki/korpusnye_podshipniki/podshipnik_uk215_technix/,Подшипник UK215 TECHNIX купить в Санкт-Петербурге по оптовым ценам от производителя | TECHNIX,"Подшипник UK215 TECHNIX: купить у производителя по оптовым ценам в Санкт-Петербурге. 
Большой выбор промышленных комплектующих. ✔️ Гарантия качества. ✔️ Компания TECHNIX.",Подшипник UK215 TECHNIX,200
https://technix-rus.ru/catalog/podshipniki/korpusnye_podshipniki/podshipnik_uk216_technix/,Подшипник UK216 TECHNIX купить в Санкт-Петербурге по оптовым ценам от производителя | TECHNIX,"Подшипник UK216 TECHNIX: купить у производителя по оптовым ценам в Санкт-Петербурге. 
Большой выбор промышленных комплектующих. ✔️ Гарантия качества. ✔️ Компания TECHNIX.",Подшипник UK216 TECHNIX,200
https://technix-rus.ru/catalog/podshipniki/korpusnye_podshipniki/podshipnik_uk218_technix/,Подшипник UK218 TECHNIX купить в Санкт-Петербурге по оптовым ценам от производителя | TECHNIX,"Подшипник UK218 TECHNIX: купить у производителя по оптовым ценам в Санкт-Петербурге. 
Большой выбор промышленных комплектующих. ✔️ Гарантия качества. ✔️ Компания TECHNIX.",Подшипник UK218 TECHNIX,200
https://technix-rus.ru/catalog/podshipniki/korpusnye_podshipniki/podshipnik_uc207_light_technix/,Подшипник UC207 LIGHT TECHNIX купить в Санкт-Петербурге по оптовым ценам от производителя | TECHNIX,"Подшипник UC207 LIGHT TECHNIX: купить у производителя по оптовым ценам в Санкт-Петербурге. 
Большой выбор промышленных комплектующих. ✔️ Гарантия качества. ✔️ Компания TECHNIX.",Подшипник UC207 LIGHT TECHNIX,200
https://technix-rus.ru/catalog/podshipniki/podshipnikovye_uzly/podshipnikovyy_uzel_ucp209_technix/,"Подшипниковый узел UCP 209 TECHNIX – купить недорого в СПб, цена и характеристики корпусного подшипника UCP в интернет-магазине производителя ",Подшипниковый узел UCP 209 от производителя промышленных комплектующих Technix. Выгодные цены на корпусные подшипники в официальном магазине компании в СПб.,Подшипниковый узел UCP209 TECHNIX,200
https://technix-rus.ru/catalog/podshipniki/korpusnye_podshipniki/podshipnik_uc210_technix/,Подшипник UC210 TECHNIX купить в Санкт-Петербурге по оптовым ценам от производителя | TECHNIX,"Подшипник UC210 TECHNIX: купить у производителя по оптовым ценам в Санкт-Петербурге. 
Большой выбор промышленных комплектующих. ✔️ Гарантия качества. ✔️ Компания TECHNIX.",Подшипник UC210 TECHNIX,200
https://technix-rus.ru/catalog/podshipniki/korpusnye_podshipniki/podshipnik_uc211_technix/,"Подшипник UC211 TECHNIX – купить недорого в СПб, цена и характеристики в интернет-магазине производителя ",Подшипник UC211 от компании-производителя промышленных комплектующих Technix. Оптовые цены в официальном магазине в СПб. Доставка по РФ.,Подшипник UC211 TECHNIX,200
https://technix-rus.ru/catalog/podshipniki/korpusnye_podshipniki/podshipnik_uc212_technix/,"Подшипник UC212 TECHNIX – купить недорого в СПб, цена и характеристики в интернет-магазине производителя ",Подшипник UC212 от компании-производителя промышленных комплектующих Technix. Оптовые цены в официальном магазине в СПб.,Подшипник UC212 TECHNIX,200
https://technix-rus.ru/catalog/podshipniki/korpusnye_podshipniki/podshipnik_uc209_technix/,Подшипник UC209 TECHNIX купить в Санкт-Петербурге по оптовым ценам от производителя | TECHNIX,"Подшипник UC209 TECHNIX: купить у производителя по оптовым ценам в Санкт-Петербурге. 
Большой выбор промышленных комплектующих. ✔️ Гарантия качества. ✔️ Компания TECHNIX.",Подшипник UC209 TECHNIX,200
https://technix-rus.ru/catalog/podshipniki/korpusnye_podshipniki/podshipnik_uc206_technix/,"Корпусный подшипник UC206 TECHNIX – купить недорого в СПб, цена и характеристики в интернет-магазине производителя ",Корпусный подшипник UC206 от компании-производителя промышленных комплектующих Technix. Оптовые цены в официальном магазине в СПб.,Подшипник UC206 TECHNIX,200
https://technix-rus.ru/catalog/podshipniki/podshipnikovye_uzly/podshipnikovyy_uzel_ucfc206_technix/,Подшипниковый узел UCFC206 TECHNIX купить в Санкт-Петербурге по оптовым ценам от производителя | TECHNIX,"Подшипниковый узел UCFC206 TECHNIX: купить у производителя по оптовым ценам в Санкт-Петербурге. 
Большой выбор промышленных комплектующих. ✔️ Гарантия качества. ✔️ Компания TECHNIX.",Подшипниковый узел UCFC206 TECHNIX,200
https://technix-rus.ru/catalog/podshipniki/sharikovye-opory/sharikovaya_opora_sp_15_b_d_m8x15_technix/,Шариковая опора SP 15 B-D M8X15 TECHNIX купить в Санкт-Петербурге по оптовым ценам от производителя | TECHNIX,"Шариковая опора SP 15 B-D M8X15 TECHNIX: купить у производителя по оптовым ценам в Санкт-Петербурге. 
Большой выбор промышленных комплектующих. ✔️ Гарантия качества. ✔️ Компания TECHNIX.",Шариковая опора SP 15 B-D M8X15 TECHNIX,200
https://technix-rus.ru/catalog/podshipniki/korpusnye_podshipniki/podshipnik_uc210_light_technix/,Подшипник UC210 LIGHT TECHNIX купить в Санкт-Петербурге по оптовым ценам от производителя | TECHNIX,"Подшипник UC210 LIGHT TECHNIX: купить у производителя по оптовым ценам в Санкт-Петербурге. 
Большой выбор промышленных комплектующих. ✔️ Гарантия качества. ✔️ Компания TECHNIX.",Подшипник UC210 LIGHT TECHNIX,200
https://technix-rus.ru/catalog/podshipniki/razemnye_korpusa_1/uplotneniya/uplotnenie_tsn519l_technix/,Уплотнение TSN519L TECHNIX купить в Санкт-Петербурге по оптовым ценам от производителя | TECHNIX,"Уплотнение TSN519L TECHNIX: купить у производителя по оптовым ценам в Санкт-Петербурге. 
Большой выбор промышленных комплектующих. ✔️ Гарантия качества. ✔️ Компания TECHNIX.",Уплотнение TSN519L TECHNIX,200
https://technix-rus.ru/catalog/podshipniki/korpusnye_podshipniki/podshipnik_uc207_technix/,Подшипник UC207 TECHNIX купить в Санкт-Петербурге по оптовым ценам от производителя | TECHNIX,"Подшипник UC207 TECHNIX: купить у производителя по оптовым ценам в Санкт-Петербурге. 
Большой выбор промышленных комплектующих. ✔️ Гарантия качества. ✔️ Компания TECHNIX.",Подшипник UC207 TECHNIX,200
https://technix-rus.ru/catalog/podshipniki/korpusnye_podshipniki/podshipnik_uc208_technix/,Подшипник UC208 TECHNIX купить в Санкт-Петербурге по оптовым ценам от производителя | TECHNIX,"Подшипник UC208 TECHNIX: купить у производителя по оптовым ценам в Санкт-Петербурге. 
Большой выбор промышленных комплектующих. ✔️ Гарантия качества. ✔️ Компания TECHNIX.",Подшипник UC208 TECHNIX,200
https://technix-rus.ru/catalog/podshipniki/korpusnye_podshipniki/podshipnik_uc204_technix/,"Корпусный подшипник UC204 TECHNIX – купить недорого в СПб, цена и характеристики в интернет-магазине производителя ",Корпусный подшипник UC204 от компании-производителя промышленных комплектующих Technix. Оптовые цены в официальном магазине в СПб.,Подшипник UC204 TECHNIX,200
https://technix-rus.ru/catalog/podshipniki/podshipnikovye_uzly/podshipnikovyy_uzel_ucp206_technix/,"Подшипниковый узел UCP206 TECHNIX – купить корпусный подшипник в СПб, цена и характеристики в интернет-магазине производителя",Подшипниковый узел UCP206 от производителя промышленных комплектующих Technix. Выгодные цены в официальном магазине компании в СПб!,Подшипниковый узел UCP206 TECHNIX,200
https://technix-rus.ru/catalog/podshipniki/sharnirnye_nakonechniki/sharnirnyy_nakonechnik_phs8_technix/,Шарнирный наконечник PHS8 TECHNIX купить в Санкт-Петербурге по оптовым ценам от производителя | TECHNIX,"Шарнирный наконечник PHS8 TECHNIX: купить у производителя по оптовым ценам в Санкт-Петербурге. 
Большой выбор промышленных комплектующих. ✔️ Гарантия качества. ✔️ Компания TECHNIX.",Шарнирный наконечник PHS8 TECHNIX,200
https://technix-rus.ru/catalog/podshipniki/podshipnikovye_uzly/podshipnikovyy_uzel_ucf205_technix/,"Подшипниковый узел UCF205 Technix – купить в СПб недорого, цена и характеристики в интернет-магазине производителя",Надежный подшипниковый узел UCF205 от производителя промышленных комплектующих Technix. Выгодные цены в официальном магазине компании в СПб!,Подшипниковый узел UCF205 TECHNIX,200
https://technix-rus.ru/catalog/podshipniki/sharnirnye_nakonechniki/sharnirnyy_nakonechnik_phs12_technix/,Шарнирный наконечник PHS12 TECHNIX купить в Санкт-Петербурге по оптовым ценам от производителя | TECHNIX,"Шарнирный наконечник PHS12 TECHNIX: купить у производителя по оптовым ценам в Санкт-Петербурге. 
Большой выбор промышленных комплектующих. ✔️ Гарантия качества. ✔️ Компания TECHNIX.",Шарнирный наконечник PHS12 TECHNIX,200
https://technix-rus.ru/catalog/podshipniki/podshipnikovye_uzly/podshipnikovyy_uzel_uct205_technix/,Подшипниковый узел UCT205 TECHNIX купить в Санкт-Петербурге по оптовым ценам от производителя | TECHNIX,"Подшипниковый узел UCT205 TECHNIX: купить у производителя по оптовым ценам в Санкт-Петербурге. 
Большой выбор промышленных комплектующих. ✔️ Гарантия качества. ✔️ Компания TECHNIX.",Подшипниковый узел UCT205 TECHNIX,200
https://technix-rus.ru/catalog/podshipniki/razemnye_korpusa_1/razemnye_korpusa_2/razemnyy_korpus_snl513_611_technix_bez_podshipnika/,Разъемный корпус SNL513-611 TECHNIX (без подшипника) купить в Санкт-Петербурге по оптовым ценам от производителя | TECHNIX,"Разъемный корпус SNL513-611 TECHNIX (без подшипника): купить у производителя по оптовым ценам в Санкт-Петербурге. 
Большой выбор промышленных комплектующих. ✔️ Гарантия качества. ✔️ Компания TECHNIX.",Разъемный корпус SNL513-611 TECHNIX (без подшипника),200
https://technix-rus.ru/catalog/podshipniki/razemnye_korpusa_1/upornye_koltsa/koltso_snl513_sr120x10_technix/,Кольцо SNL513-SR120X10 TECHNIX купить в Санкт-Петербурге по оптовым ценам от производителя | TECHNIX,"Кольцо SNL513-SR120X10 TECHNIX: купить у производителя по оптовым ценам в Санкт-Петербурге. 
Большой выбор промышленных комплектующих. ✔️ Гарантия качества. ✔️ Компания TECHNIX.",Кольцо SNL513-SR120X10 TECHNIX,200
https://technix-rus.ru/catalog/podshipniki/razemnye_korpusa_1/upornye_koltsa/koltso_snl518_sr160x12_5_technix/,"Кольцо SNL518-SR160X12,5 TECHNIX купить в Санкт-Петербурге по оптовым ценам от производителя | TECHNIX","Кольцо SNL518-SR160X12,5 TECHNIX: купить у производителя по оптовым ценам в Санкт-Петербурге. 
Большой выбор промышленных комплектующих. ✔️ Гарантия качества. ✔️ Компания TECHNIX.","Кольцо SNL518-SR160X12,5 TECHNIX",200
https://technix-rus.ru/catalog/podshipniki/podshipnikovye_uzly/podshipnikovyy_uzel_ucp207_technix/,"Подшипниковый узел UCP 207 TECHNIX – купить недорого в СПб, цена и характеристики в интернет-магазине производителя ",Подшипниковый узел UCP 207 от производителя промышленных комплектующих Technix. Выгодные цены на корпусные подшипники в официальном магазине компании в СПб.,Подшипниковый узел UCP207 TECHNIX,200
https://technix-rus.ru/catalog/podshipniki/korpusnye_podshipniki/podshipnik_uc205_technix/,"Корпусный подшипник UC205 TECHNIX – купить недорого в СПб, цена и характеристики в интернет-магазине производителя ",Корпусный подшипник UC205 от компании-производителя промышленных комплектующих Technix. Оптовые цены в официальном магазине в СПб.,Подшипник UC205 TECHNIX,200
https://technix-rus.ru/catalog/podshipniki/sharikovye-opory/sharikovaya_opora_sp_12_b_technix/,Шариковая опора SP 12 B TECHNIX купить в Санкт-Петербурге по оптовым ценам от производителя | TECHNIX,"Шариковая опора SP 12 B TECHNIX: купить у производителя по оптовым ценам в Санкт-Петербурге. 
Большой выбор промышленных комплектующих. ✔️ Гарантия качества. ✔️ Компания TECHNIX.",Шариковая опора SP 12 B TECHNIX,200
https://technix-rus.ru/catalog/podshipniki/podshipnikovye_uzly/podshipnikovyy_uzel_ucp212_technix/,"Подшипниковый узел UCP 212 TECHNIX – купить недорого в СПб, цена и характеристики в интернет-магазине производителя ",Подшипниковый узел UCP 212 от производителя промышленных комплектующих Technix. Выгодные цены на корпусные подшипники в официальном магазине компании в СПб.,Подшипниковый узел UCP212 TECHNIX,200
https://technix-rus.ru/catalog/podshipniki/razemnye_korpusa_1/upornye_koltsa/koltso_snl516_sr140x12_5_technix/,"Кольцо SNL516-SR140X12,5 TECHNIX купить в Санкт-Петербурге по оптовым ценам от производителя | TECHNIX","Кольцо SNL516-SR140X12,5 TECHNIX: купить у производителя по оптовым ценам в Санкт-Петербурге. 
Большой выбор промышленных комплектующих. ✔️ Гарантия качества. ✔️ Компания TECHNIX.","Кольцо SNL516-SR140X12,5 TECHNIX",200
https://technix-rus.ru/catalog/podshipniki/sharnirnye_nakonechniki/sharnirnyy_nakonechnik_pos16ecl_technix/,Шарнирный наконечник POS16ECL TECHNIX купить в Санкт-Петербурге по оптовым ценам от производителя | TECHNIX,"Шарнирный наконечник POS16ECL TECHNIX: купить у производителя по оптовым ценам в Санкт-Петербурге. 
Большой выбор промышленных комплектующих. ✔️ Гарантия качества. ✔️ Компания TECHNIX.",Шарнирный наконечник POS16ECL TECHNIX,200
https://technix-rus.ru/catalog/podshipniki/podshipnikovye_uzly/podshipnikovyy_uzel_ucf207_technix/,Подшипниковый узел UCF207 TECHNIX купить в Санкт-Петербурге по оптовым ценам от производителя | TECHNIX,"Подшипниковый узел UCF207 TECHNIX: купить у производителя по оптовым ценам в Санкт-Петербурге. 
Большой выбор промышленных комплектующих. ✔️ Гарантия качества. ✔️ Компания TECHNIX.",Подшипниковый узел UCF207 TECHNIX,200
https://technix-rus.ru/catalog/podshipniki/sharnirnye_nakonechniki/sharnirnyy_nakonechnik_pos16_technix/,Шарнирный наконечник POS16 TECHNIX купить в Санкт-Петербурге по оптовым ценам от производителя | TECHNIX,"Шарнирный наконечник POS16 TECHNIX: купить у производителя по оптовым ценам в Санкт-Петербурге. 
Большой выбор промышленных комплектующих. ✔️ Гарантия качества. ✔️ Компания TECHNIX.",Шарнирный наконечник POS16 TECHNIX,200
https://technix-rus.ru/catalog/podshipniki/sharikovye-opory/sharikovaya_opora_sp_30_b_technix/,Шариковая опора SP 30 B TECHNIX купить в Санкт-Петербурге по оптовым ценам от производителя | TECHNIX,"Шариковая опора SP 30 B TECHNIX: купить у производителя по оптовым ценам в Санкт-Петербурге. 
Большой выбор промышленных комплектующих. ✔️ Гарантия качества. ✔️ Компания TECHNIX.",Шариковая опора SP 30 B TECHNIX,200
https://technix-rus.ru/catalog/podshipniki/sharnirnye_nakonechniki/sharnirnyy_nakonechnik_pos10_technix/,Шарнирный наконечник POS10 TECHNIX купить в Санкт-Петербурге по оптовым ценам от производителя | TECHNIX,"Шарнирный наконечник POS10 TECHNIX: купить у производителя по оптовым ценам в Санкт-Петербурге. 
Большой выбор промышленных комплектующих. ✔️ Гарантия качества. ✔️ Компания TECHNIX.",Шарнирный наконечник POS10 TECHNIX,200
https://technix-rus.ru/catalog/podshipniki/opornye_roliki/opornyy_rolik_kr16_pp_technix/,Опорный ролик KR16-PP TECHNIX купить в Санкт-Петербурге по оптовым ценам от производителя | TECHNIX,"Опорный ролик KR16-PP TECHNIX: купить у производителя по оптовым ценам в Санкт-Петербурге. 
Большой выбор промышленных комплектующих. ✔️ Гарантия качества. ✔️ Компания TECHNIX.",Опорный ролик KR16-PP TECHNIX,200
https://technix-rus.ru/catalog/podshipniki/sharikovye-opory/sharikovaya_opora_sp_22_b_technix/,Шариковая опора SP 22 B TECHNIX купить в Санкт-Петербурге по оптовым ценам от производителя | TECHNIX,"Шариковая опора SP 22 B TECHNIX: купить у производителя по оптовым ценам в Санкт-Петербурге. 
Большой выбор промышленных комплектующих. ✔️ Гарантия качества. ✔️ Компания TECHNIX.",Шариковая опора SP 22 B TECHNIX,200
https://technix-rus.ru/catalog/podshipniki/podshipnikovye_uzly/podshipnikovyy_uzel_ucfl206_technix/,Подшипниковый узел UCFL206 TECHNIX купить в Санкт-Петербурге по оптовым ценам от производителя | TECHNIX,"Подшипниковый узел UCFL206 TECHNIX: купить у производителя по оптовым ценам в Санкт-Петербурге. 
Большой выбор промышленных комплектующих. ✔️ Гарантия качества. ✔️ Компания TECHNIX.",Подшипниковый узел UCFL206 TECHNIX,200
https://technix-rus.ru/catalog/podshipniki/podshipnikovye_uzly/podshipnikovyy_uzel_ucp204_technix/,"Подшипниковый узел UCP204 TECHNIX – купить недорого в СПб, цена и характеристики в интернет-магазине производителя",Подшипниковый узел UCP204 от производителя промышленных комплектующих Technix. Выгодные цены на корпусные подшипники в официальном магазине компании в СПб.,Подшипниковый узел UCP204 TECHNIX,200
https://technix-rus.ru/catalog/zubchatye_reyki/reyka_zubchataya_pryamozubaya_22x22_l_500_mm_m_4_cr37050_technix/,"Рейка зубчатая прямозубая: 22x22, L=500 мм, M=4 CR37050 TECHNIX купить в Санкт-Петербурге по оптовым ценам от производителя | TECHNIX","Рейка зубчатая прямозубая: 22x22, L=500 мм, M=4 CR37050 TECHNIX: купить у производителя по оптовым ценам в Санкт-Петербурге. 
Большой выбор промышленных комплектующих. ✔️ Гарантия качества. ✔️ Компания TECHNIX.
","Рейка зубчатая прямозубая: 22x22, L=500 мм, M=4 CR37050 TECHNIX",200
https://technix-rus.ru/catalog/zubchatye_reyki/reyka_zubchataya_pryamozubaya_22x22_l_1000_mm_m_4_cr37100_technix/,"Рейка зубчатая прямозубая: 22x22, L=1000 мм, M=4 CR37100 TECHNIX купить в Санкт-Петербурге по оптовым ценам от производителя | TECHNIX","Рейка зубчатая прямозубая: 22x22, L=1000 мм, M=4 CR37100 TECHNIX: купить у производителя по оптовым ценам в Санкт-Петербурге. 
Большой выбор промышленных комплектующих. ✔️ Гарантия качества. ✔️ Компания TECHNIX.
","Рейка зубчатая прямозубая: 22x22, L=1000 мм, M=4 CR37100 TECHNIX",200
https://technix-rus.ru/catalog/podshipniki/sharnirnye_nakonechniki/sharnirnyy_nakonechnik_pos10l_technix/,Шарнирный наконечник POS10L TECHNIX купить в Санкт-Петербурге по оптовым ценам от производителя | TECHNIX,"Шарнирный наконечник POS10L TECHNIX: купить у производителя по оптовым ценам в Санкт-Петербурге. 
Большой выбор промышленных комплектующих. ✔️ Гарантия качества. ✔️ Компания TECHNIX.",Шарнирный наконечник POS10L TECHNIX,200
https://technix-rus.ru/catalog/zubchatye_reyki/reyka_zubchataya_pryamozubaya_80x80_l_1000_mm_m_8_cr39100_technix/,"Рейка зубчатая прямозубая: 80x80, L=1000 мм, M=8 CR39100 TECHNIX купить в Санкт-Петербурге по оптовым ценам от производителя | TECHNIX","Рейка зубчатая прямозубая: 80x80, L=1000 мм, M=8 CR39100 TECHNIX: купить у производителя по оптовым ценам в Санкт-Петербурге. 
Большой выбор промышленных комплектующих. ✔️ Гарантия качества. ✔️ Компания TECHNIX.
","Рейка зубчатая прямозубая: 80x80, L=1000 мм, M=8 CR39100 TECHNIX",200
https://technix-rus.ru/catalog/podshipniki/korpusnye_podshipniki/podshipnik_uk217_technix/,Подшипник UK217 TECHNIX купить в Санкт-Петербурге по оптовым ценам от производителя | TECHNIX,"Подшипник UK217 TECHNIX: купить у производителя по оптовым ценам в Санкт-Петербурге. 
Большой выбор промышленных комплектующих. ✔️ Гарантия качества. ✔️ Компания TECHNIX.",Подшипник UK217 TECHNIX,200
https://technix-rus.ru/catalog/zubchatye_reyki/reyka_zubchataya_pryamozubaya_40x40_l_3000_mm_m_4_cr31300_technix/,"Рейка зубчатая прямозубая: 40x40, L=3000 мм, M=4 CR31300 TECHNIX купить в Санкт-Петербурге по оптовым ценам от производителя | TECHNIX","Рейка зубчатая прямозубая: 40x40, L=3000 мм, M=4 CR31300 TECHNIX: купить у производителя по оптовым ценам в Санкт-Петербурге. 
Большой выбор промышленных комплектующих. ✔️ Гарантия качества. ✔️ Компания TECHNIX.
","Рейка зубчатая прямозубая: 40x40, L=3000 мм, M=4 CR31300 TECHNIX",200
https://technix-rus.ru/catalog/zubchatye_reyki/reyka_zubchataya_pryamozubaya_80x80_l_2000_mm_m_8_cr39200_technix/,"Рейка зубчатая прямозубая: 80x80, L=2000 мм, M=8 CR39200 TECHNIX купить в Санкт-Петербурге по оптовым ценам от производителя | TECHNIX","Рейка зубчатая прямозубая: 80x80, L=2000 мм, M=8 CR39200 TECHNIX: купить у производителя по оптовым ценам в Санкт-Петербурге. 
Большой выбор промышленных комплектующих. ✔️ Гарантия качества. ✔️ Компания TECHNIX.
","Рейка зубчатая прямозубая: 80x80, L=2000 мм, M=8 CR39200 TECHNIX",200
https://technix-rus.ru/catalog/zubchatye_reyki/reyka_zubchataya_pryamozubaya_40x40_l_1000_mm_m_4_cr31100_technix/,"Рейка зубчатая прямозубая: 40x40, L=1000 мм, M=4 CR31100 TECHNIX купить в Санкт-Петербурге по оптовым ценам от производителя | TECHNIX","Рейка зубчатая прямозубая: 40x40, L=1000 мм, M=4 CR31100 TECHNIX: купить у производителя по оптовым ценам в Санкт-Петербурге. 
Большой выбор промышленных комплектующих. ✔️ Гарантия качества. ✔️ Компания TECHNIX.
","Рейка зубчатая прямозубая: 40x40, L=1000 мм, M=4 CR31100 TECHNIX",200
https://technix-rus.ru/catalog/zubchatye_reyki/reyka_zubchataya_pryamozubaya_15x15_l_3000_mm_m_1_cr26300_technix/,"Рейка зубчатая прямозубая: 15x15, L=3000 мм, M=1 CR26300 TECHNIX купить в Санкт-Петербурге по оптовым ценам от производителя | TECHNIX","Рейка зубчатая прямозубая: 15x15, L=3000 мм, M=1 CR26300 TECHNIX: купить у производителя по оптовым ценам в Санкт-Петербурге. 
Большой выбор промышленных комплектующих. ✔️ Гарантия качества. ✔️ Компания TECHNIX.
","Рейка зубчатая прямозубая: 15x15, L=3000 мм, M=1 CR26300 TECHNIX",200
https://technix-rus.ru/catalog/zubchatye_reyki/reyka_zubchataya_pryamozubaya_20x20_l_3000_mm_m_2_cr28300_technix/,"Рейка зубчатая прямозубая: 20x20, L=3000 мм, M=2 CR28300 TECHNIX купить в Санкт-Петербурге по оптовым ценам от производителя | TECHNIX","Рейка зубчатая прямозубая: 20x20, L=3000 мм, M=2 CR28300 TECHNIX: купить у производителя по оптовым ценам в Санкт-Петербурге. 
Большой выбор промышленных комплектующих. ✔️ Гарантия качества. ✔️ Компания TECHNIX.
","Рейка зубчатая прямозубая: 20x20, L=3000 мм, M=2 CR28300 TECHNIX",200
https://technix-rus.ru/catalog/zubchatye_reyki/reyka_zubchataya_pryamozubaya_25x25_l_500_mm_m_2_5_cr29050_technix/,"Рейка зубчатая прямозубая: 25x25, L=500 мм, M=2,5 CR29050 TECHNIX купить в Санкт-Петербурге по оптовым ценам от производителя | TECHNIX","Рейка зубчатая прямозубая: 25x25, L=500 мм, M=2,5 CR29050 TECHNIX: купить у производителя по оптовым ценам в Санкт-Петербурге. 
Большой выбор промышленных комплектующих. ✔️ Гарантия качества. ✔️ Компания TECHNIX.
","Рейка зубчатая прямозубая: 25x25, L=500 мм, M=2,5 CR29050 TECHNIX",200
https://technix-rus.ru/catalog/zubchatye_reyki/reyka_zubchataya_pryamozubaya_50x50_l_1000_mm_m_5_cr32100_technix/,"Рейка зубчатая прямозубая: 50x50, L=1000 мм, M=5 CR32100 TECHNIX купить в Санкт-Петербурге по оптовым ценам от производителя | TECHNIX","Рейка зубчатая прямозубая: 50x50, L=1000 мм, M=5 CR32100 TECHNIX: купить у производителя по оптовым ценам в Санкт-Петербурге. 
Большой выбор промышленных комплектующих. ✔️ Гарантия качества. ✔️ Компания TECHNIX.
","Рейка зубчатая прямозубая: 50x50, L=1000 мм, M=5 CR32100 TECHNIX",200
https://technix-rus.ru/catalog/zubchatye_reyki/reyka_zubchataya_pryamozubaya_25x25_l_1000_mm_m_2_5_cr29100_technix/,"Рейка зубчатая прямозубая: 25x25, L=1000 мм, M=2,5 CR29100 TECHNIX купить в Санкт-Петербурге по оптовым ценам от производителя | TECHNIX","Рейка зубчатая прямозубая: 25x25, L=1000 мм, M=2,5 CR29100 TECHNIX: купить у производителя по оптовым ценам в Санкт-Петербурге. 
Большой выбор промышленных комплектующих. ✔️ Гарантия качества. ✔️ Компания TECHNIX.
","Рейка зубчатая прямозубая: 25x25, L=1000 мм, M=2,5 CR29100 TECHNIX",200
https://technix-rus.ru/catalog/zubchatye_reyki/reyka_zubchataya_pryamozubaya_40x40_l_2000_mm_m_4_cr31200_technix/,"Рейка зубчатая прямозубая: 40x40, L=2000 мм, M=4 CR31200 TECHNIX купить в Санкт-Петербурге по оптовым ценам от производителя | TECHNIX","Рейка зубчатая прямозубая: 40x40, L=2000 мм, M=4 CR31200 TECHNIX: купить у производителя по оптовым ценам в Санкт-Петербурге. 
Большой выбор промышленных комплектующих. ✔️ Гарантия качества. ✔️ Компания TECHNIX.
","Рейка зубчатая прямозубая: 40x40, L=2000 мм, M=4 CR31200 TECHNIX",200
https://technix-rus.ru/catalog/zubchatye_reyki/reyka_zubchataya_pryamozubaya_22x22_l_2000_mm_m_4_cr37200_technix/,"Рейка зубчатая прямозубая: 22x22, L=2000 мм, M=4 CR37200 TECHNIX купить в Санкт-Петербурге по оптовым ценам от производителя | TECHNIX","Рейка зубчатая прямозубая: 22x22, L=2000 мм, M=4 CR37200 TECHNIX: купить у производителя по оптовым ценам в Санкт-Петербурге. 
Большой выбор промышленных комплектующих. ✔️ Гарантия качества. ✔️ Компания TECHNIX.
","Рейка зубчатая прямозубая: 22x22, L=2000 мм, M=4 CR37200 TECHNIX",200
https://technix-rus.ru/catalog/zubchatye_reyki/reyka_zubchataya_pryamozubaya_15x15_l_1000_mm_m_1_cr26100_technix/,"Рейка зубчатая прямозубая: 15x15, L=1000 мм, M=1 CR26100 TECHNIX купить в Санкт-Петербурге по оптовым ценам от производителя | TECHNIX","Рейка зубчатая прямозубая: 15x15, L=1000 мм, M=1 CR26100 TECHNIX: купить у производителя по оптовым ценам в Санкт-Петербурге. 
Большой выбор промышленных комплектующих. ✔️ Гарантия качества. ✔️ Компания TECHNIX.
","Рейка зубчатая прямозубая: 15x15, L=1000 мм, M=1 CR26100 TECHNIX",200
https://technix-rus.ru/catalog/podshipniki/podshipnikovye_uzly/podshipnikovyy_uzel_ucf204_technix/,Подшипниковый узел UCF204 TECHNIX купить в Санкт-Петербурге по оптовым ценам от производителя | TECHNIX,"Подшипниковый узел UCF204 TECHNIX: купить у производителя по оптовым ценам в Санкт-Петербурге. 
Большой выбор промышленных комплектующих. ✔️ Гарантия качества. ✔️ Компания TECHNIX.",Подшипниковый узел UCF204 TECHNIX,200
https://technix-rus.ru/catalog/zubchatye_reyki/reyka_zubchataya_pryamozubaya_17x17_l_3000_mm_m_1_5_cr27300_technix/,"Рейка зубчатая прямозубая: 17x17, L=3000 мм, M=1,5 CR27300 TECHNIX купить в Санкт-Петербурге по оптовым ценам от производителя | TECHNIX","Рейка зубчатая прямозубая: 17x17, L=3000 мм, M=1,5 CR27300 TECHNIX: купить у производителя по оптовым ценам в Санкт-Петербурге. 
Большой выбор промышленных комплектующих. ✔️ Гарантия качества. ✔️ Компания TECHNIX.
","Рейка зубчатая прямозубая: 17x17, L=3000 мм, M=1,5 CR27300 TECHNIX",200
https://technix-rus.ru/catalog/zubchatye_reyki/reyka_zubchataya_pryamozubaya_30x30_l_3000_mm_m_3_cr30300_technix/,"Рейка зубчатая прямозубая: 30x30, L=3000 мм, M=3 CR30300 TECHNIX купить в Санкт-Петербурге по оптовым ценам от производителя | TECHNIX","Рейка зубчатая прямозубая: 30x30, L=3000 мм, M=3 CR30300 TECHNIX: купить у производителя по оптовым ценам в Санкт-Петербурге. 
Большой выбор промышленных комплектующих. ✔️ Гарантия качества. ✔️ Компания TECHNIX.
","Рейка зубчатая прямозубая: 30x30, L=3000 мм, M=3 CR30300 TECHNIX",200
https://technix-rus.ru/catalog/zubchatye_reyki/reyka_zubchataya_pryamozubaya_50x50_l_2000_mm_m_5_cr32200_technix/,"Рейка зубчатая прямозубая: 50x50, L=2000 мм, M=5 CR32200 TECHNIX купить в Санкт-Петербурге по оптовым ценам от производителя | TECHNIX","Рейка зубчатая прямозубая: 50x50, L=2000 мм, M=5 CR32200 TECHNIX: купить у производителя по оптовым ценам в Санкт-Петербурге. 
Большой выбор промышленных комплектующих. ✔️ Гарантия качества. ✔️ Компания TECHNIX.
","Рейка зубчатая прямозубая: 50x50, L=2000 мм, M=5 CR32200 TECHNIX",200
https://technix-rus.ru/catalog/zubchatye_reyki/reyka_zubchataya_pryamozubaya_30x30_l_2000_mm_m_3_cr30200_technix/,"Рейка зубчатая прямозубая: 30x30, L=2000 мм, M=3 CR30200 TECHNIX купить в Санкт-Петербурге по оптовым ценам от производителя | TECHNIX","Рейка зубчатая прямозубая: 30x30, L=2000 мм, M=3 CR30200 TECHNIX: купить у производителя по оптовым ценам в Санкт-Петербурге. 
Большой выбор промышленных комплектующих. ✔️ Гарантия качества. ✔️ Компания TECHNIX.
","Рейка зубчатая прямозубая: 30x30, L=2000 мм, M=3 CR30200 TECHNIX",200
https://technix-rus.ru/catalog/zubchatye_reyki/reyka_zubchataya_pryamozubaya_17x17_l_1000_mm_m_1_5_cr27100_technix/,"Рейка зубчатая прямозубая: 17x17, L=1000 мм, M=1,5 CR27100 TECHNIX купить в Санкт-Петербурге по оптовым ценам от производителя | TECHNIX","Рейка зубчатая прямозубая: 17x17, L=1000 мм, M=1,5 CR27100 TECHNIX: купить у производителя по оптовым ценам в Санкт-Петербурге. 
Большой выбор промышленных комплектующих. ✔️ Гарантия качества. ✔️ Компания TECHNIX.
","Рейка зубчатая прямозубая: 17x17, L=1000 мм, M=1,5 CR27100 TECHNIX",200
https://technix-rus.ru/catalog/zubchatye_reyki/reyka_zubchataya_pryamozubaya_15x15_l_2000_mm_m_1_cr26200_technix/,"Рейка зубчатая прямозубая: 15x15, L=2000 мм, M=1 CR26200 TECHNIX купить в Санкт-Петербурге по оптовым ценам от производителя | TECHNIX","Рейка зубчатая прямозубая: 15x15, L=2000 мм, M=1 CR26200 TECHNIX: купить у производителя по оптовым ценам в Санкт-Петербурге. 
Большой выбор промышленных комплектующих. ✔️ Гарантия качества. ✔️ Компания TECHNIX.
","Рейка зубчатая прямозубая: 15x15, L=2000 мм, M=1 CR26200 TECHNIX",200
https://technix-rus.ru/catalog/zubchatye_reyki/reyka_zubchataya_pryamozubaya_30x30_l_1000_mm_m_3_cr30100_technix/,"Рейка зубчатая прямозубая: 30x30, L=1000 мм, M=3 CR30100 TECHNIX купить в Санкт-Петербурге по оптовым ценам от производителя | TECHNIX","Рейка зубчатая прямозубая: 30x30, L=1000 мм, M=3 CR30100 TECHNIX: купить у производителя по оптовым ценам в Санкт-Петербурге. 
Большой выбор промышленных комплектующих. ✔️ Гарантия качества. ✔️ Компания TECHNIX.
","Рейка зубчатая прямозубая: 30x30, L=1000 мм, M=3 CR30100 TECHNIX",200
https://technix-rus.ru/catalog/zubchatye_reyki/reyka_zubchataya_pryamozubaya_30x30_l_2000_mm_m_4_cr33200_technix/,"Рейка зубчатая прямозубая: 30x30, L=2000 мм, M=4 CR33200 TECHNIX купить в Санкт-Петербурге по оптовым ценам от производителя | TECHNIX","Рейка зубчатая прямозубая: 30x30, L=2000 мм, M=4 CR33200 TECHNIX: купить у производителя по оптовым ценам в Санкт-Петербурге. 
Большой выбор промышленных комплектующих. ✔️ Гарантия качества. ✔️ Компания TECHNIX.
","Рейка зубчатая прямозубая: 30x30, L=2000 мм, M=4 CR33200 TECHNIX",200
https://technix-rus.ru/catalog/shvp/derzhateli_dlya_gaek/derzhatel_dlya_gayki_shvp_dsg4005_technix/,Держатель для гайки ШВП DSG4005 TECHNIX купить в Санкт-Петербурге по оптовым ценам от производителя | TECHNIX,"Держатель для гайки ШВП DSG4005 TECHNIX: купить у производителя по оптовым ценам в Санкт-Петербурге. 
Большой выбор промышленных комплектующих. ✔️ Гарантия качества. ✔️ Компания TECHNIX.
",Держатель для гайки ШВП DSG4005 TECHNIX,200
https://technix-rus.ru/catalog/shvp/derzhateli_dlya_gaek/derzhatel_dlya_gayki_shvp_dsg3205_technix/,Держатель для гайки ШВП DSG3205 TECHNIX купить в Санкт-Петербурге по оптовым ценам от производителя | TECHNIX,"Держатель для гайки ШВП DSG3205 TECHNIX: купить у производителя по оптовым ценам в Санкт-Петербурге. 
Большой выбор промышленных комплектующих. ✔️ Гарантия качества. ✔️ Компания TECHNIX.
",Держатель для гайки ШВП DSG3205 TECHNIX,200
https://technix-rus.ru/catalog/shvp/derzhateli_dlya_gaek/derzhatel_dlya_gayki_shvp_dsg1204_technix/,Держатель для гайки ШВП DSG1204 TECHNIX купить в Санкт-Петербурге по оптовым ценам от производителя | TECHNIX,"Держатель для гайки ШВП DSG1204 TECHNIX: купить у производителя по оптовым ценам в Санкт-Петербурге. 
Большой выбор промышленных комплектующих. ✔️ Гарантия качества. ✔️ Компания TECHNIX.
",Держатель для гайки ШВП DSG1204 TECHNIX,200
https://technix-rus.ru/catalog/zubchatye_reyki/reyka_zubchataya_pryamozubaya_30x30_l_1000_mm_m_4_cr33100_technix/,"Рейка зубчатая прямозубая: 30x30, L=1000 мм, M=4 CR33100 TECHNIX купить в Санкт-Петербурге по оптовым ценам от производителя | TECHNIX","Рейка зубчатая прямозубая: 30x30, L=1000 мм, M=4 CR33100 TECHNIX: купить у производителя по оптовым ценам в Санкт-Петербурге. 
Большой выбор промышленных комплектующих. ✔️ Гарантия качества. ✔️ Компания TECHNIX.
","Рейка зубчатая прямозубая: 30x30, L=1000 мм, M=4 CR33100 TECHNIX",200
https://technix-rus.ru/catalog/shvp/derzhateli_dlya_gaek/derzhatel_dlya_gayki_shvp_dsg2505_technix/,Держатель для гайки ШВП DSG2505 TECHNIX купить в Санкт-Петербурге по оптовым ценам от производителя | TECHNIX,"Держатель для гайки ШВП DSG2505 TECHNIX: купить у производителя по оптовым ценам в Санкт-Петербурге. 
Большой выбор промышленных комплектующих. ✔️ Гарантия качества. ✔️ Компания TECHNIX.
",Держатель для гайки ШВП DSG2505 TECHNIX,200
https://technix-rus.ru/catalog/shvp/gayki_shvp/gayka_shvp_sfu2005_technix/,Гайка ШВП SFU2005 TECHNIX купить в Санкт-Петербурге по оптовым ценам от производителя | TECHNIX,"Гайка ШВП SFU2005 TECHNIX: купить у производителя по оптовым ценам в Санкт-Петербурге. 
Большой выбор промышленных комплектующих. ✔️ Гарантия качества. ✔️ Компания TECHNIX.
",Гайка ШВП SFU2005 TECHNIX,200
https://technix-rus.ru/catalog/zubchatye_reyki/reyka_zubchataya_pryamozubaya_25x25_l_3000_mm_m_2_5_cr29300_technix/,"Рейка зубчатая прямозубая: 25x25, L=3000 мм, M=2,5 CR29300 TECHNIX купить в Санкт-Петербурге по оптовым ценам от производителя | TECHNIX","Рейка зубчатая прямозубая: 25x25, L=3000 мм, M=2,5 CR29300 TECHNIX: купить у производителя по оптовым ценам в Санкт-Петербурге. 
Большой выбор промышленных комплектующих. ✔️ Гарантия качества. ✔️ Компания TECHNIX.
","Рейка зубчатая прямозубая: 25x25, L=3000 мм, M=2,5 CR29300 TECHNIX",200
https://technix-rus.ru/catalog/shvp/gayki_shvp/gayka_shvp_sfu1605_technix/,Гайка ШВП SFU1605 TECHNIX купить в Санкт-Петербурге по оптовым ценам от производителя | TECHNIX,"Гайка ШВП SFU1605 TECHNIX: купить у производителя по оптовым ценам в Санкт-Петербурге. 
Большой выбор промышленных комплектующих. ✔️ Гарантия качества. ✔️ Компания TECHNIX.
",Гайка ШВП SFU1605 TECHNIX,200
https://technix-rus.ru/catalog/shvp/gayki_shvp/gayka_shvp_sfu4020_technix/,Гайка ШВП SFU4020 TECHNIX купить в Санкт-Петербурге по оптовым ценам от производителя | TECHNIX,"Гайка ШВП SFU4020 TECHNIX: купить у производителя по оптовым ценам в Санкт-Петербурге. 
Большой выбор промышленных комплектующих. ✔️ Гарантия качества. ✔️ Компания TECHNIX.
",Гайка ШВП SFU4020 TECHNIX,200
https://technix-rus.ru/catalog/zubchatye_reyki/reyka_zubchataya_pryamozubaya_20x20_l_1000_mm_m_2_cr28100_technix/,"Рейка зубчатая прямозубая: 20x20, L=1000 мм, M=2 CR28100 TECHNIX купить в Санкт-Петербурге по оптовым ценам от производителя | TECHNIX","Рейка зубчатая прямозубая: 20x20, L=1000 мм, M=2 CR28100 TECHNIX: купить у производителя по оптовым ценам в Санкт-Петербурге. 
Большой выбор промышленных комплектующих. ✔️ Гарантия качества. ✔️ Компания TECHNIX.
","Рейка зубчатая прямозубая: 20x20, L=1000 мм, M=2 CR28100 TECHNIX",200
https://technix-rus.ru/catalog/shvp/gayki_shvp/gayka_shvp_dfu1610_technix/,Гайка ШВП DFU1610 TECHNIX купить в Санкт-Петербурге по оптовым ценам от производителя | TECHNIX,"Гайка ШВП DFU1610 TECHNIX: купить у производителя по оптовым ценам в Санкт-Петербурге. 
Большой выбор промышленных комплектующих. ✔️ Гарантия качества. ✔️ Компания TECHNIX.
",Гайка ШВП DFU1610 TECHNIX,200
https://technix-rus.ru/catalog/shvp/gayki_shvp/gayka_shvp_dfu5010_technix/,Гайка ШВП DFU5010 TECHNIX купить в Санкт-Петербурге по оптовым ценам от производителя | TECHNIX,"Гайка ШВП DFU5010 TECHNIX: купить у производителя по оптовым ценам в Санкт-Петербурге. 
Большой выбор промышленных комплектующих. ✔️ Гарантия качества. ✔️ Компания TECHNIX.
",Гайка ШВП DFU5010 TECHNIX,200
https://technix-rus.ru/catalog/zubchatye_reyki/reyka_zubchataya_pryamozubaya_60x60_l_2000_mm_m_6_cr34200_technix/,"Рейка зубчатая прямозубая: 60x60, L=2000 мм, M=6 CR34200 TECHNIX купить в Санкт-Петербурге по оптовым ценам от производителя | TECHNIX","Рейка зубчатая прямозубая: 60x60, L=2000 мм, M=6 CR34200 TECHNIX: купить у производителя по оптовым ценам в Санкт-Петербурге. 
Большой выбор промышленных комплектующих. ✔️ Гарантия качества. ✔️ Компания TECHNIX.
","Рейка зубчатая прямозубая: 60x60, L=2000 мм, M=6 CR34200 TECHNIX",200
https://technix-rus.ru/catalog/shvp/gayki_shvp/gayka_shvp_dfu2505_technix/,Гайка ШВП DFU2505 TECHNIX купить в Санкт-Петербурге по оптовым ценам от производителя | TECHNIX,"Гайка ШВП DFU2505 TECHNIX: купить у производителя по оптовым ценам в Санкт-Петербурге. 
Большой выбор промышленных комплектующих. ✔️ Гарантия качества. ✔️ Компания TECHNIX.
",Гайка ШВП DFU2505 TECHNIX,200
https://technix-rus.ru/catalog/shvp/gayki_shvp/gayka_shvp_dfu2510_technix/,Гайка ШВП DFU2510 TECHNIX купить в Санкт-Петербурге по оптовым ценам от производителя | TECHNIX,"Гайка ШВП DFU2510 TECHNIX: купить у производителя по оптовым ценам в Санкт-Петербурге. 
Большой выбор промышленных комплектующих. ✔️ Гарантия качества. ✔️ Компания TECHNIX.
",Гайка ШВП DFU2510 TECHNIX,200
https://technix-rus.ru/catalog/shvp/gayki_shvp/gayka_shvp_dfu6310_technix/,Гайка ШВП DFU6310 TECHNIX купить в Санкт-Петербурге по оптовым ценам от производителя | TECHNIX,"Гайка ШВП DFU6310 TECHNIX: купить у производителя по оптовым ценам в Санкт-Петербурге. 
Большой выбор промышленных комплектующих. ✔️ Гарантия качества. ✔️ Компания TECHNIX.
",Гайка ШВП DFU6310 TECHNIX,200
https://technix-rus.ru/catalog/shvp/gayki_shvp/gayka_shvp_dfu4010_technix/,Гайка ШВП DFU4010 TECHNIX купить в Санкт-Петербурге по оптовым ценам от производителя | TECHNIX,"Гайка ШВП DFU4010 TECHNIX: купить у производителя по оптовым ценам в Санкт-Петербурге. 
Большой выбор промышленных комплектующих. ✔️ Гарантия качества. ✔️ Компания TECHNIX.
",Гайка ШВП DFU4010 TECHNIX,200
https://technix-rus.ru/catalog/zubchatye_reyki/reyka_zubchataya_pryamozubaya_15x15_l_500_mm_m_1_cr26050_technix/,"Рейка зубчатая прямозубая: 15x15, L=500 мм, M=1 CR26050 TECHNIX купить в Санкт-Петербурге по оптовым ценам от производителя | TECHNIX","Рейка зубчатая прямозубая: 15x15, L=500 мм, M=1 CR26050 TECHNIX: купить у производителя по оптовым ценам в Санкт-Петербурге. 
Большой выбор промышленных комплектующих. ✔️ Гарантия качества. ✔️ Компания TECHNIX.
","Рейка зубчатая прямозубая: 15x15, L=500 мм, M=1 CR26050 TECHNIX",200
https://technix-rus.ru/catalog/shvp/gayki_shvp/gayka_shvp_sfu5010_technix/,Гайка ШВП SFU5010 TECHNIX купить в Санкт-Петербурге по оптовым ценам от производителя | TECHNIX,"Гайка ШВП SFU5010 TECHNIX: купить у производителя по оптовым ценам в Санкт-Петербурге. 
Большой выбор промышленных комплектующих. ✔️ Гарантия качества. ✔️ Компания TECHNIX.
",Гайка ШВП SFU5010 TECHNIX,200
https://technix-rus.ru/catalog/shvp/gayki_shvp/gayka_shvp_sfu4010_technix/,Гайка ШВП SFU4010 TECHNIX купить в Санкт-Петербурге по оптовым ценам от производителя | TECHNIX,"Гайка ШВП SFU4010 TECHNIX: купить у производителя по оптовым ценам в Санкт-Петербурге. 
Большой выбор промышленных комплектующих. ✔️ Гарантия качества. ✔️ Компания TECHNIX.
",Гайка ШВП SFU4010 TECHNIX,200
https://technix-rus.ru/catalog/podshipniki/zakrepitelnye_vtulki/vtulka_h309_technix/,Втулка H309 TECHNIX купить в Санкт-Петербурге по оптовым ценам от производителя | TECHNIX,"Втулка H309 TECHNIX: купить у производителя по оптовым ценам в Санкт-Петербурге. 
Большой выбор промышленных комплектующих. ✔️ Гарантия качества. ✔️ Компания TECHNIX.",Втулка H309 TECHNIX,200
https://technix-rus.ru/catalog/shvp/gayki_shvp/gayka_shvp_sfu1610_technix/,Гайка ШВП SFU1610 TECHNIX купить в Санкт-Петербурге по оптовым ценам от производителя | TECHNIX,"Гайка ШВП SFU1610 TECHNIX: купить у производителя по оптовым ценам в Санкт-Петербурге. 
Большой выбор промышленных комплектующих. ✔️ Гарантия качества. ✔️ Компания TECHNIX.
",Гайка ШВП SFU1610 TECHNIX,200
https://technix-rus.ru/catalog/shvp/gayki_shvp/gayka_shvp_dfu1605_technix/,Гайка ШВП DFU1605 TECHNIX купить в Санкт-Петербурге по оптовым ценам от производителя | TECHNIX,"Гайка ШВП DFU1605 TECHNIX: купить у производителя по оптовым ценам в Санкт-Петербурге. 
Большой выбор промышленных комплектующих. ✔️ Гарантия качества. ✔️ Компания TECHNIX.
",Гайка ШВП DFU1605 TECHNIX,200
https://technix-rus.ru/catalog/shvp/gayki_shvp/gayka_shvp_dfu4005_technix/,Гайка ШВП DFU4005 TECHNIX купить в Санкт-Петербурге по оптовым ценам от производителя | TECHNIX,"Гайка ШВП DFU4005 TECHNIX: купить у производителя по оптовым ценам в Санкт-Петербурге. 
Большой выбор промышленных комплектующих. ✔️ Гарантия качества. ✔️ Компания TECHNIX.
",Гайка ШВП DFU4005 TECHNIX,200
https://technix-rus.ru/catalog/zubchatye_reyki/reyka_zubchataya_pryamozubaya_80x80_l_500_mm_m_8_cr39050_technix/,"Рейка зубчатая прямозубая: 80x80, L=500 мм, M=8 CR39050 TECHNIX купить в Санкт-Петербурге по оптовым ценам от производителя | TECHNIX","Рейка зубчатая прямозубая: 80x80, L=500 мм, M=8 CR39050 TECHNIX: купить у производителя по оптовым ценам в Санкт-Петербурге. 
Большой выбор промышленных комплектующих. ✔️ Гарантия качества. ✔️ Компания TECHNIX.
","Рейка зубчатая прямозубая: 80x80, L=500 мм, M=8 CR39050 TECHNIX",200
https://technix-rus.ru/catalog/shvp/opory_shvp/opora_shvp_bf25_technix/,Опора ШВП BF25 TECHNIX купить в Санкт-Петербурге по оптовым ценам от производителя | TECHNIX,"Опора ШВП BF25 TECHNIX: купить у производителя по оптовым ценам в Санкт-Петербурге. 
Большой выбор промышленных комплектующих. ✔️ Гарантия качества. ✔️ Компания TECHNIX.
",Опора ШВП BF25 TECHNIX,200
https://technix-rus.ru/catalog/shvp/gayki_shvp/gayka_shvp_dfu2005_technix/,Гайка ШВП DFU2005 TECHNIX купить в Санкт-Петербурге по оптовым ценам от производителя | TECHNIX,"Гайка ШВП DFU2005 TECHNIX: купить у производителя по оптовым ценам в Санкт-Петербурге. 
Большой выбор промышленных комплектующих. ✔️ Гарантия качества. ✔️ Компания TECHNIX.
",Гайка ШВП DFU2005 TECHNIX,200
https://technix-rus.ru/catalog/shvp/gayki_shvp/gayka_shvp_sfu2010_technix/,Гайка ШВП SFU2010 TECHNIX купить в Санкт-Петербурге по оптовым ценам от производителя | TECHNIX,"Гайка ШВП SFU2010 TECHNIX: купить у производителя по оптовым ценам в Санкт-Петербурге. 
Большой выбор промышленных комплектующих. ✔️ Гарантия качества. ✔️ Компания TECHNIX.
",Гайка ШВП SFU2010 TECHNIX,200
https://technix-rus.ru/catalog/shvp/gayki_shvp/gayka_shvp_sfu6310_technix/,Гайка ШВП SFU6310 TECHNIX купить в Санкт-Петербурге по оптовым ценам от производителя | TECHNIX,"Гайка ШВП SFU6310 TECHNIX: купить у производителя по оптовым ценам в Санкт-Петербурге. 
Большой выбор промышленных комплектующих. ✔️ Гарантия качества. ✔️ Компания TECHNIX.
",Гайка ШВП SFU6310 TECHNIX,200
https://technix-rus.ru/catalog/shvp/derzhateli_dlya_gaek/derzhatel_dlya_gayki_shvp_dsg1605_technix/,Держатель для гайки ШВП DSG1605 TECHNIX купить в Санкт-Петербурге по оптовым ценам от производителя | TECHNIX,"Держатель для гайки ШВП DSG1605 TECHNIX: купить у производителя по оптовым ценам в Санкт-Петербурге. 
Большой выбор промышленных комплектующих. ✔️ Гарантия качества. ✔️ Компания TECHNIX.
",Держатель для гайки ШВП DSG1605 TECHNIX,200
https://technix-rus.ru/catalog/shvp/gayki_shvp/gayka_shvp_sfu2510_technix/,Гайка ШВП SFU2510 TECHNIX купить в Санкт-Петербурге по оптовым ценам от производителя | TECHNIX,"Гайка ШВП SFU2510 TECHNIX: купить у производителя по оптовым ценам в Санкт-Петербурге. 
Большой выбор промышленных комплектующих. ✔️ Гарантия качества. ✔️ Компания TECHNIX.
",Гайка ШВП SFU2510 TECHNIX,200
https://technix-rus.ru/catalog/shvp/opory_shvp/opora_shvp_ff10_technix/,Опора ШВП FF10 TECHNIX купить в Санкт-Петербурге по оптовым ценам от производителя | TECHNIX,"Опора ШВП FF10 TECHNIX: купить у производителя по оптовым ценам в Санкт-Петербурге. 
Большой выбор промышленных комплектующих. ✔️ Гарантия качества. ✔️ Компания TECHNIX.
",Опора ШВП FF10 TECHNIX,200
https://technix-rus.ru/catalog/shvp/opory_shvp/opora_shvp_bf10_technix/,Опора ШВП BF10 TECHNIX купить в Санкт-Петербурге по оптовым ценам от производителя | TECHNIX,"Опора ШВП BF10 TECHNIX: купить у производителя по оптовым ценам в Санкт-Петербурге. 
Большой выбор промышленных комплектующих. ✔️ Гарантия качества. ✔️ Компания TECHNIX.
",Опора ШВП BF10 TECHNIX,200
https://technix-rus.ru/catalog/shvp/gayki_shvp/gayka_shvp_sfu3210_technix/,Гайка ШВП SFU3210 TECHNIX купить в Санкт-Петербурге по оптовым ценам от производителя | TECHNIX,"Гайка ШВП SFU3210 TECHNIX: купить у производителя по оптовым ценам в Санкт-Петербурге. 
Большой выбор промышленных комплектующих. ✔️ Гарантия качества. ✔️ Компания TECHNIX.
",Гайка ШВП SFU3210 TECHNIX,200
https://technix-rus.ru/catalog/shvp/opory_shvp/opora_shvp_ff12_technix/,Опора ШВП FF12 TECHNIX купить в Санкт-Петербурге по оптовым ценам от производителя | TECHNIX,"Опора ШВП FF12 TECHNIX: купить у производителя по оптовым ценам в Санкт-Петербурге. 
Большой выбор промышленных комплектующих. ✔️ Гарантия качества. ✔️ Компания TECHNIX.
",Опора ШВП FF12 TECHNIX,200
https://technix-rus.ru/catalog/shvp/opory_shvp/opora_shvp_fk10_technix/,Опора ШВП FK10 TECHNIX купить в Санкт-Петербурге по оптовым ценам от производителя | TECHNIX,"Опора ШВП FK10 TECHNIX: купить у производителя по оптовым ценам в Санкт-Петербурге. 
Большой выбор промышленных комплектующих. ✔️ Гарантия качества. ✔️ Компания TECHNIX.
",Опора ШВП FK10 TECHNIX,200
https://technix-rus.ru/catalog/shvp/derzhateli_dlya_gaek/derzhatel_dlya_gayki_shvp_dsg2005_technix/,Держатель для гайки ШВП DSG2005 TECHNIX купить в Санкт-Петербурге по оптовым ценам от производителя | TECHNIX,"Держатель для гайки ШВП DSG2005 TECHNIX: купить у производителя по оптовым ценам в Санкт-Петербурге. 
Большой выбор промышленных комплектующих. ✔️ Гарантия качества. ✔️ Компания TECHNIX.
",Держатель для гайки ШВП DSG2005 TECHNIX,200
https://technix-rus.ru/catalog/shvp/opory_shvp/opora_shvp_bf17_technix/,Опора ШВП BF17 TECHNIX купить в Санкт-Петербурге по оптовым ценам от производителя | TECHNIX,"Опора ШВП BF17 TECHNIX: купить у производителя по оптовым ценам в Санкт-Петербурге. 
Большой выбор промышленных комплектующих. ✔️ Гарантия качества. ✔️ Компания TECHNIX.
",Опора ШВП BF17 TECHNIX,200
https://technix-rus.ru/catalog/shvp/gayki_shvp/gayka_shvp_sfu2505_technix/,Гайка ШВП SFU2505 TECHNIX купить в Санкт-Петербурге по оптовым ценам от производителя | TECHNIX,"Гайка ШВП SFU2505 TECHNIX: купить у производителя по оптовым ценам в Санкт-Петербурге. 
Большой выбор промышленных комплектующих. ✔️ Гарантия качества. ✔️ Компания TECHNIX.
",Гайка ШВП SFU2505 TECHNIX,200
https://technix-rus.ru/catalog/shvp/opory_shvp/opora_shvp_bk12_technix/,Опора ШВП BK12 TECHNIX купить в Санкт-Петербурге по оптовым ценам от производителя | TECHNIX,"Опора ШВП BK12 TECHNIX: купить у производителя по оптовым ценам в Санкт-Петербурге. 
Большой выбор промышленных комплектующих. ✔️ Гарантия качества. ✔️ Компания TECHNIX.
",Опора ШВП BK12 TECHNIX,200
https://technix-rus.ru/catalog/shvp/vinty_shvp/vint_shvp_sfu_r4005_technix/,Винт ШВП SFU-R4005 TECHNIX купить в Санкт-Петербурге по оптовым ценам от производителя | TECHNIX,"Винт ШВП SFU-R4005 TECHNIX: купить у производителя по оптовым ценам в Санкт-Петербурге. 
Большой выбор промышленных комплектующих. ✔️ Гарантия качества. ✔️ Компания TECHNIX.
",Винт ШВП SFU-R4005 TECHNIX,200
https://technix-rus.ru/catalog/shvp/vinty_shvp/vint_shvp_sfu_r4010_technix/,Винт ШВП SFU-R4010 TECHNIX купить в Санкт-Петербурге по оптовым ценам от производителя | TECHNIX,"Винт ШВП SFU-R4010 TECHNIX: купить у производителя по оптовым ценам в Санкт-Петербурге. 
Большой выбор промышленных комплектующих. ✔️ Гарантия качества. ✔️ Компания TECHNIX.
",Винт ШВП SFU-R4010 TECHNIX,200
https://technix-rus.ru/catalog/shvp/gayki_shvp/gayka_shvp_sfu3205_technix/,Гайка ШВП SFU3205 TECHNIX купить в Санкт-Петербурге по оптовым ценам от производителя | TECHNIX,"Гайка ШВП SFU3205 TECHNIX: купить у производителя по оптовым ценам в Санкт-Петербурге. 
Большой выбор промышленных комплектующих. ✔️ Гарантия качества. ✔️ Компания TECHNIX.
",Гайка ШВП SFU3205 TECHNIX,200
https://technix-rus.ru/catalog/shvp/vinty_shvp/vint_shvp_sfu_r2005_technix/,Винт ШВП SFU-R2005 TECHNIX купить в Санкт-Петербурге по оптовым ценам от производителя | TECHNIX,"Винт ШВП SFU-R2005 TECHNIX: купить у производителя по оптовым ценам в Санкт-Петербурге. 
Большой выбор промышленных комплектующих. ✔️ Гарантия качества. ✔️ Компания TECHNIX.
",Винт ШВП SFU-R2005 TECHNIX,200
https://technix-rus.ru/catalog/shvp/vinty_shvp/vint_shvp_sfu_r5010_technix/,Винт ШВП SFU-R5010 TECHNIX купить в Санкт-Петербурге по оптовым ценам от производителя | TECHNIX,"Винт ШВП SFU-R5010 TECHNIX: купить у производителя по оптовым ценам в Санкт-Петербурге. 
Большой выбор промышленных комплектующих. ✔️ Гарантия качества. ✔️ Компания TECHNIX.
",Винт ШВП SFU-R5010 TECHNIX,200
https://technix-rus.ru/catalog/shvp/vinty_shvp/vint_shvp_sfu_r6310_technix/,Винт ШВП SFU-R6310 TECHNIX купить в Санкт-Петербурге по оптовым ценам от производителя | TECHNIX,"Винт ШВП SFU-R6310 TECHNIX: купить у производителя по оптовым ценам в Санкт-Петербурге. 
Большой выбор промышленных комплектующих. ✔️ Гарантия качества. ✔️ Компания TECHNIX.
",Винт ШВП SFU-R6310 TECHNIX,200
https://technix-rus.ru/catalog/shvp/vinty_shvp/vint_shvp_sfu_r2510_technix/,Винт ШВП SFU-R2510 TECHNIX купить в Санкт-Петербурге по оптовым ценам от производителя | TECHNIX,"Винт ШВП SFU-R2510 TECHNIX: купить у производителя по оптовым ценам в Санкт-Петербурге. 
Большой выбор промышленных комплектующих. ✔️ Гарантия качества. ✔️ Компания TECHNIX.
",Винт ШВП SFU-R2510 TECHNIX,200
https://technix-rus.ru/catalog/shvp/vinty_shvp/vint_shvp_sfu_r2505_technix/,Винт ШВП SFU-R2505 TECHNIX купить в Санкт-Петербурге по оптовым ценам от производителя | TECHNIX,"Винт ШВП SFU-R2505 TECHNIX: купить у производителя по оптовым ценам в Санкт-Петербурге. 
Большой выбор промышленных комплектующих. ✔️ Гарантия качества. ✔️ Компания TECHNIX.
",Винт ШВП SFU-R2505 TECHNIX,200
https://technix-rus.ru/catalog/shvp/vinty_shvp/vint_shvp_sfu_r2010_technix/,Винт ШВП SFU-R2010 TECHNIX купить в Санкт-Петербурге по оптовым ценам от производителя | TECHNIX,"Винт ШВП SFU-R2010 TECHNIX: купить у производителя по оптовым ценам в Санкт-Петербурге. 
Большой выбор промышленных комплектующих. ✔️ Гарантия качества. ✔️ Компания TECHNIX.
",Винт ШВП SFU-R2010 TECHNIX,200
https://technix-rus.ru/catalog/shvp/vinty_shvp/vint_shvp_sfu_r1610_technix/,Винт ШВП SFU-R1610 TECHNIX купить в Санкт-Петербурге по оптовым ценам от производителя | TECHNIX,"Винт ШВП SFU-R1610 TECHNIX: купить у производителя по оптовым ценам в Санкт-Петербурге. 
Большой выбор промышленных комплектующих. ✔️ Гарантия качества. ✔️ Компания TECHNIX.
",Винт ШВП SFU-R1610 TECHNIX,200
https://technix-rus.ru/catalog/shvp/gayki_shvp/gayka_shvp_sfu4005_technix/,Гайка ШВП SFU4005 TECHNIX купить в Санкт-Петербурге по оптовым ценам от производителя | TECHNIX,"Гайка ШВП SFU4005 TECHNIX: купить у производителя по оптовым ценам в Санкт-Петербурге. 
Большой выбор промышленных комплектующих. ✔️ Гарантия качества. ✔️ Компания TECHNIX.
",Гайка ШВП SFU4005 TECHNIX,200
https://technix-rus.ru/catalog/shvp/vinty_shvp/vint_shvp_sfu_r3210_technix/,Винт ШВП SFU-R3210 TECHNIX купить в Санкт-Петербурге по оптовым ценам от производителя | TECHNIX,"Винт ШВП SFU-R3210 TECHNIX: купить у производителя по оптовым ценам в Санкт-Петербурге. 
Большой выбор промышленных комплектующих. ✔️ Гарантия качества. ✔️ Компания TECHNIX.
",Винт ШВП SFU-R3210 TECHNIX,200
https://technix-rus.ru/catalog/shvp/vinty_shvp/vint_shvp_sfu_r1204_technix/,Винт ШВП SFU-R1204 TECHNIX купить в Санкт-Петербурге по оптовым ценам от производителя | TECHNIX,"Винт ШВП SFU-R1204 TECHNIX: купить у производителя по оптовым ценам в Санкт-Петербурге. 
Большой выбор промышленных комплектующих. ✔️ Гарантия качества. ✔️ Компания TECHNIX.
",Винт ШВП SFU-R1204 TECHNIX,200
https://technix-rus.ru/catalog/shvp/vinty_shvp/vint_shvp_sfu_r1605_technix/,Винт ШВП SFU-R1605 TECHNIX купить в Санкт-Петербурге по оптовым ценам от производителя | TECHNIX,"Винт ШВП SFU-R1605 TECHNIX: купить у производителя по оптовым ценам в Санкт-Петербурге. 
Большой выбор промышленных комплектующих. ✔️ Гарантия качества. ✔️ Компания TECHNIX.
",Винт ШВП SFU-R1605 TECHNIX,200
https://technix-rus.ru/catalog/shvp/vinty_shvp/vint_shvp_sfu_r3205_technix/,Винт ШВП SFU-R3205 TECHNIX купить в Санкт-Петербурге по оптовым ценам от производителя | TECHNIX,"Винт ШВП SFU-R3205 TECHNIX: купить у производителя по оптовым ценам в Санкт-Петербурге. 
Большой выбор промышленных комплектующих. ✔️ Гарантия качества. ✔️ Компания TECHNIX.
",Винт ШВП SFU-R3205 TECHNIX,200
https://technix-rus.ru/catalog/trapetseidalnye_gayki_i_vinty/gayki_trapetseidalnye/gayka_trapetseidalnaya_stal_d_24_mm_shag_rezby_5_mm_prav_rezba_ksm_24_5_d_technix/,"Гайка трапецеидальная (сталь) d=24 мм, шаг резьбы 5 мм (прав. резьба), KSM 24-5-D TECHNIX купить в Санкт-Петербурге по оптовым ценам от производителя | TECHNIX","Гайка трапецеидальная (сталь) d=24 мм, шаг резьбы 5 мм (прав. резьба), KSM 24-5-D TECHNIX: купить у производителя по оптовым ценам в Санкт-Петербурге. 
Большой выбор промышленных комплектующих. ✔️ Гарантия качества. ✔️ Компания TECHNIX.","Гайка трапецеидальная (сталь) d=24 мм, шаг резьбы 5 мм (прав. резьба), KSM 24-5-D TECHNIX",200
https://technix-rus.ru/catalog/trapetseidalnye_gayki_i_vinty/gayki_trapetseidalnye/gayka_trapetseidalnaya_bronza_d_30_mm_shag_rezby_6_mm_prav_rezba_lrm_30_6_d_technix/,"Гайка трапецеидальная (бронза) d=30 мм, шаг резьбы 6 мм (прав. резьба), LRM 30-6-D TECHNIX купить в Санкт-Петербурге по оптовым ценам от производителя | TECHNIX","Гайка трапецеидальная (бронза) d=30 мм, шаг резьбы 6 мм (прав. резьба), LRM 30-6-D TECHNIX: купить у производителя по оптовым ценам в Санкт-Петербурге. 
Большой выбор промышленных комплектующих. ✔️ Гарантия качества. ✔️ Компания TECHNIX.","Гайка трапецеидальная (бронза) d=30 мм, шаг резьбы 6 мм (прав. резьба), LRM 30-6-D TECHNIX",200
https://technix-rus.ru/catalog/trapetseidalnye_gayki_i_vinty/gayki_trapetseidalnye/gayka_trapetseidalnaya_bronza_d_24_mm_shag_rezby_5_mm_prav_rezba_lrm_24_5_d_technix_pro/,"Гайка трапецеидальная (бронза) d=24 мм, шаг резьбы 5 мм (прав. резьба), LRM 24-5-D TECHNIX PRO купить в Санкт-Петербурге по оптовым ценам от производителя | TECHNIX","Гайка трапецеидальная (бронза) d=24 мм, шаг резьбы 5 мм (прав. резьба), LRM 24-5-D TECHNIX PRO: купить у производителя по оптовым ценам в Санкт-Петербурге. 
Большой выбор промышленных комплектующих. ✔️ Гарантия качества. ✔️ Компания TECHNIX.","Гайка трапецеидальная (бронза) d=24 мм, шаг резьбы 5 мм (прав. резьба), LRM 24-5-D TECHNIX PRO",200
https://technix-rus.ru/catalog/trapetseidalnye_gayki_i_vinty/gayki_trapetseidalnye/gayka_trapetseidalnaya_c_flantsem_bronza_d_24_mm_shag_rezby_5_mm_lev_rezba_bfm_24_5_g_technix_pro/,"Гайка трапецеидальная c фланцем (бронза) d=24 мм, шаг резьбы 5 мм (лев. резьба), BFM 24-5-G TECHNIX PRO купить в Санкт-Петербурге по оптовым ценам от производителя | TECHNIX","Гайка трапецеидальная c фланцем (бронза) d=24 мм, шаг резьбы 5 мм (лев. резьба), BFM 24-5-G TECHNIX PRO: купить у производителя по оптовым ценам в Санкт-Петербурге. 
Большой выбор промышленных комплектующих. ✔️ Гарантия качества. ✔️ Компания TECHNIX.","Гайка трапецеидальная c фланцем (бронза) d=24 мм, шаг резьбы 5 мм (лев. резьба), BFM 24-5-G TECHNIX PRO",200
https://technix-rus.ru/catalog/trapetseidalnye_gayki_i_vinty/gayki_trapetseidalnye/gayka_trapetseidalnaya_bronza_d_36_mm_shag_rezby_6_mm_prav_rezba_lrm_36_6_d_technix_pro/,"Гайка трапецеидальная (бронза) d=36 мм, шаг резьбы 6 мм (прав. резьба), LRM 36-6-D TECHNIX PRO купить в Санкт-Петербурге по оптовым ценам от производителя | TECHNIX","Гайка трапецеидальная (бронза) d=36 мм, шаг резьбы 6 мм (прав. резьба), LRM 36-6-D TECHNIX PRO: купить у производителя по оптовым ценам в Санкт-Петербурге. 
Большой выбор промышленных комплектующих. ✔️ Гарантия качества. ✔️ Компания TECHNIX.","Гайка трапецеидальная (бронза) d=36 мм, шаг резьбы 6 мм (прав. резьба), LRM 36-6-D TECHNIX PRO",200
https://technix-rus.ru/catalog/trapetseidalnye_gayki_i_vinty/gayki_trapetseidalnye/gayka_trapetseidalnaya_stal_d_10_mm_shag_rezby_2_mm_prav_rezba_ksm_10_2_d_technix/,"Гайка трапецеидальная (сталь) d=10 мм, шаг резьбы 2 мм (прав. резьба), KSM 10-2-D TECHNIX купить в Санкт-Петербурге по оптовым ценам от производителя | TECHNIX","Гайка трапецеидальная (сталь) d=10 мм, шаг резьбы 2 мм (прав. резьба), KSM 10-2-D TECHNIX: купить у производителя по оптовым ценам в Санкт-Петербурге. 
Большой выбор промышленных комплектующих. ✔️ Гарантия качества. ✔️ Компания TECHNIX.","Гайка трапецеидальная (сталь) d=10 мм, шаг резьбы 2 мм (прав. резьба), KSM 10-2-D TECHNIX",200
https://technix-rus.ru/catalog/shvp/gayki_shvp/gayka_shvp_dfu3210_technix/,Гайка ШВП DFU3210 TECHNIX купить в Санкт-Петербурге по оптовым ценам от производителя | TECHNIX,"Гайка ШВП DFU3210 TECHNIX: купить у производителя по оптовым ценам в Санкт-Петербурге. 
Большой выбор промышленных комплектующих. ✔️ Гарантия качества. ✔️ Компания TECHNIX.
",Гайка ШВП DFU3210 TECHNIX,200
https://technix-rus.ru/catalog/trapetseidalnye_gayki_i_vinty/gayki_trapetseidalnye/gayka_trapetseidalnaya_stal_d_36_mm_shag_rezby_6_mm_prav_rezba_ksm_36_6_d_technix/,"Гайка трапецеидальная (сталь) d=36 мм, шаг резьбы 6 мм (прав. резьба), KSM 36-6-D TECHNIX купить в Санкт-Петербурге по оптовым ценам от производителя | TECHNIX","Гайка трапецеидальная (сталь) d=36 мм, шаг резьбы 6 мм (прав. резьба), KSM 36-6-D TECHNIX: купить у производителя по оптовым ценам в Санкт-Петербурге. 
Большой выбор промышленных комплектующих. ✔️ Гарантия качества. ✔️ Компания TECHNIX.","Гайка трапецеидальная (сталь) d=36 мм, шаг резьбы 6 мм (прав. резьба), KSM 36-6-D TECHNIX",200
https://technix-rus.ru/catalog/trapetseidalnye_gayki_i_vinty/gayki_trapetseidalnye/gayka_trapetseidalnaya_c_flantsem_bronza_d_28_mm_shag_rezby_5_mm_prav_rezba_bfm_28_5_d_technix/,"Гайка трапецеидальная c фланцем (бронза) d=28 мм, шаг резьбы 5 мм (прав. резьба), BFM 28-5-D TECHNIX купить в Санкт-Петербурге по оптовым ценам от производителя | TECHNIX","Гайка трапецеидальная c фланцем (бронза) d=28 мм, шаг резьбы 5 мм (прав. резьба), BFM 28-5-D TECHNIX: купить у производителя по оптовым ценам в Санкт-Петербурге. 
Большой выбор промышленных комплектующих. ✔️ Гарантия качества. ✔️ Компания TECHNIX.","Гайка трапецеидальная c фланцем (бронза) d=28 мм, шаг резьбы 5 мм (прав. резьба), BFM 28-5-D TECHNIX",200
https://technix-rus.ru/catalog/trapetseidalnye_gayki_i_vinty/gayki_trapetseidalnye/gayka_trapetseidalnaya_bronza_d_20_mm_shag_rezby_4_mm_prav_rezba_lrm_20_4_d_technix/,"Гайка трапецеидальная (бронза) d=20 мм, шаг резьбы 4 мм (прав. резьба), LRM 20-4-D TECHNIX купить в Санкт-Петербурге по оптовым ценам от производителя | TECHNIX","Гайка трапецеидальная (бронза) d=20 мм, шаг резьбы 4 мм (прав. резьба), LRM 20-4-D TECHNIX: купить у производителя по оптовым ценам в Санкт-Петербурге. 
Большой выбор промышленных комплектующих. ✔️ Гарантия качества. ✔️ Компания TECHNIX.","Гайка трапецеидальная (бронза) d=20 мм, шаг резьбы 4 мм (прав. резьба), LRM 20-4-D TECHNIX",200
https://technix-rus.ru/catalog/trapetseidalnye_gayki_i_vinty/gayki_trapetseidalnye/gayka_trapetseidalnaya_stal_d_30_mm_shag_rezby_6_mm_prav_rezba_ksm_30_6_d_technix/,"Гайка трапецеидальная (сталь) d=30 мм, шаг резьбы 6 мм (прав. резьба), KSM 30-6-D TECHNIX купить в Санкт-Петербурге по оптовым ценам от производителя | TECHNIX","Гайка трапецеидальная (сталь) d=30 мм, шаг резьбы 6 мм (прав. резьба), KSM 30-6-D TECHNIX: купить у производителя по оптовым ценам в Санкт-Петербурге. 
Большой выбор промышленных комплектующих. ✔️ Гарантия качества. ✔️ Компания TECHNIX.","Гайка трапецеидальная (сталь) d=30 мм, шаг резьбы 6 мм (прав. резьба), KSM 30-6-D TECHNIX",200
https://technix-rus.ru/catalog/trapetseidalnye_gayki_i_vinty/gayki_trapetseidalnye/gayka_trapetseidalnaya_stal_d_28_mm_shag_rezby_5_mm_prav_rezba_ksm_28_5_d_technix_pro/,"Гайка трапецеидальная (сталь) d=28 мм, шаг резьбы 5 мм (прав. резьба), KSM 28-5-D TECHNIX PRO купить в Санкт-Петербурге по оптовым ценам от производителя | TECHNIX","Гайка трапецеидальная (сталь) d=28 мм, шаг резьбы 5 мм (прав. резьба), KSM 28-5-D TECHNIX PRO: купить у производителя по оптовым ценам в Санкт-Петербурге. 
Большой выбор промышленных комплектующих. ✔️ Гарантия качества. ✔️ Компания TECHNIX.","Гайка трапецеидальная (сталь) d=28 мм, шаг резьбы 5 мм (прав. резьба), KSM 28-5-D TECHNIX PRO",200
https://technix-rus.ru/catalog/trapetseidalnye_gayki_i_vinty/gayki_trapetseidalnye/gayka_trapetseidalnaya_shestigrannaya_d_24_mm_shag_rezby_5_mm_prav_rezba_skm_24_5_d_technix_pro/,"Гайка трапецеидальная шестигранная d=24 мм, шаг резьбы 5 мм (прав. резьба), SKM 24-5-D TECHNIX PRO купить в Санкт-Петербурге по оптовым ценам от производителя | TECHNIX","Гайка трапецеидальная шестигранная d=24 мм, шаг резьбы 5 мм (прав. резьба), SKM 24-5-D TECHNIX PRO: купить у производителя по оптовым ценам в Санкт-Петербурге. 
Большой выбор промышленных комплектующих. ✔️ Гарантия качества. ✔️ Компания TECHNIX.","Гайка трапецеидальная шестигранная d=24 мм, шаг резьбы 5 мм (прав. резьба), SKM 24-5-D TECHNIX PRO",200
https://technix-rus.ru/catalog/trapetseidalnye_gayki_i_vinty/gayki_trapetseidalnye/gayka_trapetseidalnaya_c_flantsem_bronza_d_28_mm_shag_rezby_5_mm_prav_rezba_bfm_28_5_d_technix_pro/,"Гайка трапецеидальная c фланцем (бронза) d=28 мм, шаг резьбы 5 мм (прав. резьба), BFM 28-5-D TECHNIX PRO купить в Санкт-Петербурге по оптовым ценам от производителя | TECHNIX","Гайка трапецеидальная c фланцем (бронза) d=28 мм, шаг резьбы 5 мм (прав. резьба), BFM 28-5-D TECHNIX PRO: купить у производителя по оптовым ценам в Санкт-Петербурге. 
Большой выбор промышленных комплектующих. ✔️ Гарантия качества. ✔️ Компания TECHNIX.","Гайка трапецеидальная c фланцем (бронза) d=28 мм, шаг резьбы 5 мм (прав. резьба), BFM 28-5-D TECHNIX PRO",200
https://technix-rus.ru/catalog/trapetseidalnye_gayki_i_vinty/gayki_trapetseidalnye/gayka_trapetseidalnaya_stal_d_12_mm_shag_rezby_3_mm_lev_rezba_ksm_12_3_g_technix_pro/,"Гайка трапецеидальная (сталь) d=12 мм, шаг резьбы 3 мм (лев. резьба), KSM 12-3-G TECHNIX PRO купить в Санкт-Петербурге по оптовым ценам от производителя | TECHNIX","Гайка трапецеидальная (сталь) d=12 мм, шаг резьбы 3 мм (лев. резьба), KSM 12-3-G TECHNIX PRO: купить у производителя по оптовым ценам в Санкт-Петербурге. 
Большой выбор промышленных комплектующих. ✔️ Гарантия качества. ✔️ Компания TECHNIX.","Гайка трапецеидальная (сталь) d=12 мм, шаг резьбы 3 мм (лев. резьба), KSM 12-3-G TECHNIX PRO",200
https://technix-rus.ru/catalog/trapetseidalnye_gayki_i_vinty/gayki_trapetseidalnye/gayka_trapetseidalnaya_stal_d_14_mm_shag_rezby_3_mm_lev_rezba_ksm_14_3_g_technix_pro/,"Гайка трапецеидальная (сталь) d=14 мм, шаг резьбы 3 мм (лев. резьба), KSM 14-3-G TECHNIX PRO купить в Санкт-Петербурге по оптовым ценам от производителя | TECHNIX","Гайка трапецеидальная (сталь) d=14 мм, шаг резьбы 3 мм (лев. резьба), KSM 14-3-G TECHNIX PRO: купить у производителя по оптовым ценам в Санкт-Петербурге. 
Большой выбор промышленных комплектующих. ✔️ Гарантия качества. ✔️ Компания TECHNIX.","Гайка трапецеидальная (сталь) d=14 мм, шаг резьбы 3 мм (лев. резьба), KSM 14-3-G TECHNIX PRO",200
https://technix-rus.ru/catalog/trapetseidalnye_gayki_i_vinty/gayki_trapetseidalnye/gayka_trapetseidalnaya_bronza_d_16_mm_shag_rezby_4_mm_prav_rezba_lrm_16_4_d_technix/,"Гайка трапецеидальная (бронза) d=16 мм, шаг резьбы 4 мм (прав. резьба), LRM 16-4-D TECHNIX купить в Санкт-Петербурге по оптовым ценам от производителя | TECHNIX","Гайка трапецеидальная (бронза) d=16 мм, шаг резьбы 4 мм (прав. резьба), LRM 16-4-D TECHNIX: купить у производителя по оптовым ценам в Санкт-Петербурге. 
Большой выбор промышленных комплектующих. ✔️ Гарантия качества. ✔️ Компания TECHNIX.","Гайка трапецеидальная (бронза) d=16 мм, шаг резьбы 4 мм (прав. резьба), LRM 16-4-D TECHNIX",200
https://technix-rus.ru/catalog/trapetseidalnye_gayki_i_vinty/gayki_trapetseidalnye/gayka_trapetseidalnaya_c_flantsem_bronza_d_30_mm_shag_rezby_6_mm_prav_rezba_bfm_30_6_d_technix/,"Гайка трапецеидальная c фланцем (бронза) d=30 мм, шаг резьбы 6 мм (прав. резьба), BFM 30-6-D TECHNIX купить в Санкт-Петербурге по оптовым ценам от производителя | TECHNIX","Гайка трапецеидальная c фланцем (бронза) d=30 мм, шаг резьбы 6 мм (прав. резьба), BFM 30-6-D TECHNIX: купить у производителя по оптовым ценам в Санкт-Петербурге. 
Большой выбор промышленных комплектующих. ✔️ Гарантия качества. ✔️ Компания TECHNIX.","Гайка трапецеидальная c фланцем (бронза) d=30 мм, шаг резьбы 6 мм (прав. резьба), BFM 30-6-D TECHNIX",200
https://technix-rus.ru/catalog/trapetseidalnye_gayki_i_vinty/gayki_trapetseidalnye/gayka_trapetseidalnaya_stal_d_16_mm_shag_rezby_4_mm_lev_rezba_ksm_16_4_g_technix_pro/,"Гайка трапецеидальная (сталь) d=16 мм, шаг резьбы 4 мм (лев. резьба), KSM 16-4-G TECHNIX PRO купить в Санкт-Петербурге по оптовым ценам от производителя | TECHNIX","Гайка трапецеидальная (сталь) d=16 мм, шаг резьбы 4 мм (лев. резьба), KSM 16-4-G TECHNIX PRO: купить у производителя по оптовым ценам в Санкт-Петербурге. 
Большой выбор промышленных комплектующих. ✔️ Гарантия качества. ✔️ Компания TECHNIX.","Гайка трапецеидальная (сталь) d=16 мм, шаг резьбы 4 мм (лев. резьба), KSM 16-4-G TECHNIX PRO",200
https://technix-rus.ru/catalog/trapetseidalnye_gayki_i_vinty/gayki_trapetseidalnye/gayka_trapetseidalnaya_s_flantsem_bronza_d_20_mm_shag_rezby_4_mm_lev_rezba_bfm_20_4_g_technix/,"Гайка трапецеидальная с фланцем (бронза) d=20 мм, шаг резьбы 4 мм (лев. резьба), BFM 20-4-G TECHNIX купить в Санкт-Петербурге по оптовым ценам от производителя | TECHNIX","Гайка трапецеидальная с фланцем (бронза) d=20 мм, шаг резьбы 4 мм (лев. резьба), BFM 20-4-G TECHNIX: купить у производителя по оптовым ценам в Санкт-Петербурге. 
Большой выбор промышленных комплектующих. ✔️ Гарантия качества. ✔️ Компания TECHNIX.","Гайка трапецеидальная с фланцем (бронза) d=20 мм, шаг резьбы 4 мм (лев. резьба), BFM 20-4-G TECHNIX",200
https://technix-rus.ru/catalog/trapetseidalnye_gayki_i_vinty/gayki_trapetseidalnye/gayka_trapetseidalnaya_stal_d_20_mm_shag_rezby_4_mm_lev_rezba_ksm_20_4_g_technix/,"Гайка трапецеидальная (сталь) d=20 мм, шаг резьбы 4 мм (лев. резьба), KSM 20-4-G TECHNIX купить в Санкт-Петербурге по оптовым ценам от производителя | TECHNIX","Гайка трапецеидальная (сталь) d=20 мм, шаг резьбы 4 мм (лев. резьба), KSM 20-4-G TECHNIX: купить у производителя по оптовым ценам в Санкт-Петербурге. 
Большой выбор промышленных комплектующих. ✔️ Гарантия качества. ✔️ Компания TECHNIX.","Гайка трапецеидальная (сталь) d=20 мм, шаг резьбы 4 мм (лев. резьба), KSM 20-4-G TECHNIX",200
https://technix-rus.ru/catalog/trapetseidalnye_gayki_i_vinty/gayki_trapetseidalnye/gayka_trapetseidalnaya_stal_d_40_mm_shag_rezby_7_mm_prav_rezba_ksm_40_7_d_technix/,"Гайка трапецеидальная (сталь) d=40 мм, шаг резьбы 7 мм (прав. резьба), KSM 40-7-D TECHNIX купить в Санкт-Петербурге по оптовым ценам от производителя | TECHNIX","Гайка трапецеидальная (сталь) d=40 мм, шаг резьбы 7 мм (прав. резьба), KSM 40-7-D TECHNIX: купить у производителя по оптовым ценам в Санкт-Петербурге. 
Большой выбор промышленных комплектующих. ✔️ Гарантия качества. ✔️ Компания TECHNIX.","Гайка трапецеидальная (сталь) d=40 мм, шаг резьбы 7 мм (прав. резьба), KSM 40-7-D TECHNIX",200
https://technix-rus.ru/catalog/trapetseidalnye_gayki_i_vinty/gayki_trapetseidalnye/gayka_trapetseidalnaya_s_flantsem_bronza_d_20_mm_shag_rezby_4_mm_prav_rezba_bfm_20_4_d_technix/,"Гайка трапецеидальная с фланцем (бронза) d=20 мм, шаг резьбы 4 мм (прав. резьба), BFM 20-4-D TECHNIX купить в Санкт-Петербурге по оптовым ценам от производителя | TECHNIX","Гайка трапецеидальная с фланцем (бронза) d=20 мм, шаг резьбы 4 мм (прав. резьба), BFM 20-4-D TECHNIX: купить у производителя по оптовым ценам в Санкт-Петербурге. 
Большой выбор промышленных комплектующих. ✔️ Гарантия качества. ✔️ Компания TECHNIX.","Гайка трапецеидальная с фланцем (бронза) d=20 мм, шаг резьбы 4 мм (прав. резьба), BFM 20-4-D TECHNIX",200
https://technix-rus.ru/catalog/trapetseidalnye_gayki_i_vinty/gayki_trapetseidalnye/gayka_trapetseidalnaya_s_flantsem_bronza_d_16_mm_shag_rezby_4_mm_prav_rezba_bfm_16_4_d_technix/,"Гайка трапецеидальная с фланцем (бронза) d=16 мм, шаг резьбы 4 мм (прав. резьба), BFM 16-4-D TECHNIX купить в Санкт-Петербурге по оптовым ценам от производителя | TECHNIX","Гайка трапецеидальная с фланцем (бронза) d=16 мм, шаг резьбы 4 мм (прав. резьба), BFM 16-4-D TECHNIX: купить у производителя по оптовым ценам в Санкт-Петербурге. 
Большой выбор промышленных комплектующих. ✔️ Гарантия качества. ✔️ Компания TECHNIX.","Гайка трапецеидальная с фланцем (бронза) d=16 мм, шаг резьбы 4 мм (прав. резьба), BFM 16-4-D TECHNIX",200
https://technix-rus.ru/catalog/trapetseidalnye_gayki_i_vinty/vinty_trapetseidalnye/vint_trapetseidalnyy_d_120_mm_shag_rezby_16_mm_l_150_sm_tr_120_16_g_technix/,"Винт трапецеидальный d=120 мм, шаг резьбы 16 мм, L=150 см, TR 120-16-G TECHNIX купить в Санкт-Петербурге по оптовым ценам от производителя | TECHNIX","Винт трапецеидальный d=120 мм, шаг резьбы 16 мм, L=150 см, TR 120-16-G TECHNIX: купить у производителя по оптовым ценам в Санкт-Петербурге. 
Большой выбор промышленных комплектующих. ✔️ Гарантия качества. ✔️ Компания TECHNIX.","Винт трапецеидальный d=120 мм, шаг резьбы 16 мм, L=150 см, TR 120-16-G TECHNIX",200
https://technix-rus.ru/catalog/trapetseidalnye_gayki_i_vinty/gayki_trapetseidalnye/gayka_trapetseidalnaya_stal_d_24_mm_shag_rezby_5_mm_prav_rezba_ksm_24_5_d_technix_pro/,"Гайка трапецеидальная (сталь) d=24 мм, шаг резьбы 5 мм (прав. резьба), KSM 24-5-D TECHNIX PRO купить в Санкт-Петербурге по оптовым ценам от производителя | TECHNIX","Гайка трапецеидальная (сталь) d=24 мм, шаг резьбы 5 мм (прав. резьба), KSM 24-5-D TECHNIX PRO: купить у производителя по оптовым ценам в Санкт-Петербурге. 
Большой выбор промышленных комплектующих. ✔️ Гарантия качества. ✔️ Компания TECHNIX.","Гайка трапецеидальная (сталь) d=24 мм, шаг резьбы 5 мм (прав. резьба), KSM 24-5-D TECHNIX PRO",200
https://technix-rus.ru/catalog/trapetseidalnye_gayki_i_vinty/vinty_trapetseidalnye/vint_trapetseidalnyy_d_120_mm_shag_rezby_16_mm_l_250_sm_tr_120_16_g_technix/,"Винт трапецеидальный d=120 мм, шаг резьбы 16 мм, L=250 см, TR 120-16-G TECHNIX купить в Санкт-Петербурге по оптовым ценам от производителя | TECHNIX","Винт трапецеидальный d=120 мм, шаг резьбы 16 мм, L=250 см, TR 120-16-G TECHNIX: купить у производителя по оптовым ценам в Санкт-Петербурге. 
Большой выбор промышленных комплектующих. ✔️ Гарантия качества. ✔️ Компания TECHNIX.","Винт трапецеидальный d=120 мм, шаг резьбы 16 мм, L=250 см, TR 120-16-G TECHNIX",200
https://technix-rus.ru/catalog/trapetseidalnye_gayki_i_vinty/gayki_trapetseidalnye/gayka_trapetseidalnaya_stal_d_12_mm_shag_rezby_3_mm_prav_rezba_ksm_12_3_d_technix_pro/,"Гайка трапецеидальная (сталь) d=12 мм, шаг резьбы 3 мм (прав. резьба), KSM 12-3-D TECHNIX PRO купить в Санкт-Петербурге по оптовым ценам от производителя | TECHNIX","Гайка трапецеидальная (сталь) d=12 мм, шаг резьбы 3 мм (прав. резьба), KSM 12-3-D TECHNIX PRO: купить у производителя по оптовым ценам в Санкт-Петербурге. 
Большой выбор промышленных комплектующих. ✔️ Гарантия качества. ✔️ Компания TECHNIX.","Гайка трапецеидальная (сталь) d=12 мм, шаг резьбы 3 мм (прав. резьба), KSM 12-3-D TECHNIX PRO",200
https://technix-rus.ru/catalog/trapetseidalnye_gayki_i_vinty/vinty_trapetseidalnye/vint_trapetseidalnyy_d_28_mm_shag_rezby_5_mm_tr_28_5_d_technix/,"Винт трапецеидальный d=28 мм, шаг резьбы 5 мм, TR 28-5-D TECHNIX купить в Санкт-Петербурге по оптовым ценам от производителя | TECHNIX","Винт трапецеидальный d=28 мм, шаг резьбы 5 мм, TR 28-5-D TECHNIX: купить у производителя по оптовым ценам в Санкт-Петербурге. 
Большой выбор промышленных комплектующих. ✔️ Гарантия качества. ✔️ Компания TECHNIX.","Винт трапецеидальный d=28 мм, шаг резьбы 5 мм, TR 28-5-D TECHNIX",200
https://technix-rus.ru/catalog/trapetseidalnye_gayki_i_vinty/gayki_trapetseidalnye/gayka_trapetseidalnaya_stal_d_14_mm_shag_rezby_3_mm_prav_rezba_ksm_14_3_d_technix_pro/,"Гайка трапецеидальная (сталь) d=14 мм, шаг резьбы 3 мм (прав. резьба), KSM 14-3-D TECHNIX PRO купить в Санкт-Петербурге по оптовым ценам от производителя | TECHNIX","Гайка трапецеидальная (сталь) d=14 мм, шаг резьбы 3 мм (прав. резьба), KSM 14-3-D TECHNIX PRO: купить у производителя по оптовым ценам в Санкт-Петербурге. 
Большой выбор промышленных комплектующих. ✔️ Гарантия качества. ✔️ Компания TECHNIX.","Гайка трапецеидальная (сталь) d=14 мм, шаг резьбы 3 мм (прав. резьба), KSM 14-3-D TECHNIX PRO",200
https://technix-rus.ru/catalog/trapetseidalnye_gayki_i_vinty/vinty_trapetseidalnye/vint_trapetseidalnyy_d_36_mm_shag_rezby_6_mm_tr_36_6_d_technix/,"Винт трапецеидальный d=36 мм, шаг резьбы 6 мм, TR 36-6-D TECHNIX купить в Санкт-Петербурге по оптовым ценам от производителя | TECHNIX","Винт трапецеидальный d=36 мм, шаг резьбы 6 мм, TR 36-6-D TECHNIX: купить у производителя по оптовым ценам в Санкт-Петербурге. 
Большой выбор промышленных комплектующих. ✔️ Гарантия качества. ✔️ Компания TECHNIX.","Винт трапецеидальный d=36 мм, шаг резьбы 6 мм, TR 36-6-D TECHNIX",200
https://technix-rus.ru/catalog/trapetseidalnye_gayki_i_vinty/vinty_trapetseidalnye/vint_trapetseidalnyy_d_16_mm_shag_rezby_4_mm_tr_16_4_g_technix/,"Винт трапецеидальный d=16 мм, шаг резьбы 4 мм, TR 16-4-G TECHNIX купить в Санкт-Петербурге по оптовым ценам от производителя | TECHNIX","Винт трапецеидальный d=16 мм, шаг резьбы 4 мм, TR 16-4-G TECHNIX: купить у производителя по оптовым ценам в Санкт-Петербурге. 
Большой выбор промышленных комплектующих. ✔️ Гарантия качества. ✔️ Компания TECHNIX.","Винт трапецеидальный d=16 мм, шаг резьбы 4 мм, TR 16-4-G TECHNIX",200
https://technix-rus.ru/catalog/trapetseidalnye_gayki_i_vinty/vinty_trapetseidalnye/vint_trapetseidalnyy_d_24_mm_shag_rezby_5_mm_tr_24_5_d_technix/,"Винт трапецеидальный d=24 мм, шаг резьбы 5 мм, TR 24-5-D TECHNIX купить в Санкт-Петербурге по оптовым ценам от производителя | TECHNIX","Винт трапецеидальный d=24 мм, шаг резьбы 5 мм, TR 24-5-D TECHNIX: купить у производителя по оптовым ценам в Санкт-Петербурге. 
Большой выбор промышленных комплектующих. ✔️ Гарантия качества. ✔️ Компания TECHNIX.","Винт трапецеидальный d=24 мм, шаг резьбы 5 мм, TR 24-5-D TECHNIX",200
https://technix-rus.ru/catalog/trapetseidalnye_gayki_i_vinty/vinty_trapetseidalnye/vint_trapetseidalnyy_d_16_mm_shag_rezby_4_mm_tr_16_4_d_technix/,"Винт трапецеидальный d=16 мм, шаг резьбы 4 мм, TR 16-4-D TECHNIX купить в Санкт-Петербурге по оптовым ценам от производителя | TECHNIX","Винт трапецеидальный d=16 мм, шаг резьбы 4 мм, TR 16-4-D TECHNIX: купить у производителя по оптовым ценам в Санкт-Петербурге. 
Большой выбор промышленных комплектующих. ✔️ Гарантия качества. ✔️ Компания TECHNIX.","Винт трапецеидальный d=16 мм, шаг резьбы 4 мм, TR 16-4-D TECHNIX",200
https://technix-rus.ru/catalog/trapetseidalnye_gayki_i_vinty/gayki_trapetseidalnye/gayka_trapetseidalnaya_bronza_d_12_mm_shag_rezby_3_mm_prav_rezba_lrm_12_3_d_technix/,"Гайка трапецеидальная (бронза) d=12 мм, шаг резьбы 3 мм (прав. резьба), LRM 12-3-D TECHNIX купить в Санкт-Петербурге по оптовым ценам от производителя | TECHNIX","Гайка трапецеидальная (бронза) d=12 мм, шаг резьбы 3 мм (прав. резьба), LRM 12-3-D TECHNIX: купить у производителя по оптовым ценам в Санкт-Петербурге. 
Большой выбор промышленных комплектующих. ✔️ Гарантия качества. ✔️ Компания TECHNIX.","Гайка трапецеидальная (бронза) d=12 мм, шаг резьбы 3 мм (прав. резьба), LRM 12-3-D TECHNIX",200
https://technix-rus.ru/catalog/trapetseidalnye_gayki_i_vinty/vinty_trapetseidalnye/vint_trapetseidalnyy_tr36kh6_gost_24737_81_prav_rezba_technix_pro/,Винт трапецеидальный TR36х6 ГОСТ 24737-81 (прав.резьба) TECHNIX PRO купить в Санкт-Петербурге по оптовым ценам от производителя | TECHNIX,"Винт трапецеидальный TR36х6 ГОСТ 24737-81 (прав.резьба) TECHNIX PRO: купить у производителя по оптовым ценам в Санкт-Петербурге. 
Большой выбор промышленных комплектующих. ✔️ Гарантия качества. ✔️ Компания TECHNIX.",Винт трапецеидальный TR36х6 ГОСТ 24737-81 (прав.резьба) TECHNIX PRO,200
https://technix-rus.ru/catalog/trapetseidalnye_gayki_i_vinty/gayki_trapetseidalnye/gayka_trapetseidalnaya_stal_d_20_mm_shag_rezby_4_mm_prav_rezba_ksm_20_4_d_technix/,"Гайка трапецеидальная (сталь) d=20 мм, шаг резьбы 4 мм (прав. резьба), KSM 20-4-D TECHNIX купить в Санкт-Петербурге по оптовым ценам от производителя | TECHNIX","Гайка трапецеидальная (сталь) d=20 мм, шаг резьбы 4 мм (прав. резьба), KSM 20-4-D TECHNIX: купить у производителя по оптовым ценам в Санкт-Петербурге. 
Большой выбор промышленных комплектующих. ✔️ Гарантия качества. ✔️ Компания TECHNIX.","Гайка трапецеидальная (сталь) d=20 мм, шаг резьбы 4 мм (прав. резьба), KSM 20-4-D TECHNIX",200
https://technix-rus.ru/catalog/trapetseidalnye_gayki_i_vinty/vinty_trapetseidalnye/vint_trapetseidalnyy_tr30kh6lh_gost_24737_81_lev_rezba_technix_pro/,Винт трапецеидальный TR30х6LH ГОСТ 24737-81 (лев.резьба) TECHNIX PRO купить в Санкт-Петербурге по оптовым ценам от производителя | TECHNIX,"Винт трапецеидальный TR30х6LH ГОСТ 24737-81 (лев.резьба) TECHNIX PRO: купить у производителя по оптовым ценам в Санкт-Петербурге. 
Большой выбор промышленных комплектующих. ✔️ Гарантия качества. ✔️ Компания TECHNIX.",Винт трапецеидальный TR30х6LH ГОСТ 24737-81 (лев.резьба) TECHNIX PRO,200
https://technix-rus.ru/catalog/trapetseidalnye_gayki_i_vinty/gayki_trapetseidalnye/gayka_trapetseidalnaya_c_flantsem_bronza_d_16_mm_shag_rezby_4_mm_lev_rezba_bfm_16_4_g_technix/,"Гайка трапецеидальная c фланцем (бронза) d=16 мм, шаг резьбы 4 мм (лев. резьба), BFM 16-4-G TECHNIX купить в Санкт-Петербурге по оптовым ценам от производителя | TECHNIX","Гайка трапецеидальная c фланцем (бронза) d=16 мм, шаг резьбы 4 мм (лев. резьба), BFM 16-4-G TECHNIX: купить у производителя по оптовым ценам в Санкт-Петербурге. 
Большой выбор промышленных комплектующих. ✔️ Гарантия качества. ✔️ Компания TECHNIX.","Гайка трапецеидальная c фланцем (бронза) d=16 мм, шаг резьбы 4 мм (лев. резьба), BFM 16-4-G TECHNIX",200
https://technix-rus.ru/catalog/trapetseidalnye_gayki_i_vinty/vinty_trapetseidalnye/vint_trapetseidalnyy_tr36kh6lh_gost_24737_81_lev_rezba_technix_pro/,Винт трапецеидальный TR36х6LH ГОСТ 24737-81 (лев.резьба) TECHNIX PRO купить в Санкт-Петербурге по оптовым ценам от производителя | TECHNIX,"Винт трапецеидальный TR36х6LH ГОСТ 24737-81 (лев.резьба) TECHNIX PRO: купить у производителя по оптовым ценам в Санкт-Петербурге. 
Большой выбор промышленных комплектующих. ✔️ Гарантия качества. ✔️ Компания TECHNIX.",Винт трапецеидальный TR36х6LH ГОСТ 24737-81 (лев.резьба) TECHNIX PRO,200
https://technix-rus.ru/catalog/trapetseidalnye_gayki_i_vinty/vinty_trapetseidalnye/vint_trapetseidalnyy_tr12x3lh_gost_24737_81_lev_rezba_technix_pro/,Винт трапецеидальный TR12x3LH ГОСТ 24737-81 (лев.резьба) TECHNIX PRO купить в Санкт-Петербурге по оптовым ценам от производителя | TECHNIX,"Винт трапецеидальный TR12x3LH ГОСТ 24737-81 (лев.резьба) TECHNIX PRO: купить у производителя по оптовым ценам в Санкт-Петербурге. 
Большой выбор промышленных комплектующих. ✔️ Гарантия качества. ✔️ Компания TECHNIX.",Винт трапецеидальный TR12x3LH ГОСТ 24737-81 (лев.резьба) TECHNIX PRO,200
https://technix-rus.ru/catalog/trapetseidalnye_gayki_i_vinty/vinty_trapetseidalnye/vint_trapetseidalnyy_d_120_mm_shag_rezby_16_mm_l_300_sm_tr_120_16_g_technix/,"Винт трапецеидальный d=120 мм, шаг резьбы 16 мм, L=300 см, TR 120-16-G TECHNIX купить в Санкт-Петербурге по оптовым ценам от производителя | TECHNIX","Винт трапецеидальный d=120 мм, шаг резьбы 16 мм, L=300 см, TR 120-16-G TECHNIX: купить у производителя по оптовым ценам в Санкт-Петербурге. 
Большой выбор промышленных комплектующих. ✔️ Гарантия качества. ✔️ Компания TECHNIX.","Винт трапецеидальный d=120 мм, шаг резьбы 16 мм, L=300 см, TR 120-16-G TECHNIX",200
https://technix-rus.ru/catalog/trapetseidalnye_gayki_i_vinty/vinty_trapetseidalnye/vint_trapetseidalnyy_tr24kh5lh_gost_24737_81_lev_rezba_technix_pro/,Винт трапецеидальный TR24х5LH ГОСТ 24737-81 (лев.резьба) TECHNIX PRO купить в Санкт-Петербурге по оптовым ценам от производителя | TECHNIX,"Винт трапецеидальный TR24х5LH ГОСТ 24737-81 (лев.резьба) TECHNIX PRO: купить у производителя по оптовым ценам в Санкт-Петербурге. 
Большой выбор промышленных комплектующих. ✔️ Гарантия качества. ✔️ Компания TECHNIX.",Винт трапецеидальный TR24х5LH ГОСТ 24737-81 (лев.резьба) TECHNIX PRO,200
https://technix-rus.ru/catalog/trapetseidalnye_gayki_i_vinty/vinty_trapetseidalnye/vint_trapetseidalnyy_tr32kh6_gost_24737_81_prav_rezba_technix_pro/,Винт трапецеидальный TR32х6 ГОСТ 24737-81 (прав.резьба) TECHNIX PRO купить в Санкт-Петербурге по оптовым ценам от производителя | TECHNIX,"Винт трапецеидальный TR32х6 ГОСТ 24737-81 (прав.резьба) TECHNIX PRO: купить у производителя по оптовым ценам в Санкт-Петербурге. 
Большой выбор промышленных комплектующих. ✔️ Гарантия качества. ✔️ Компания TECHNIX.",Винт трапецеидальный TR32х6 ГОСТ 24737-81 (прав.резьба) TECHNIX PRO,200
https://technix-rus.ru/catalog/trapetseidalnye_gayki_i_vinty/vinty_trapetseidalnye/vint_trapetseidalnyy_tr28kh5_gost_24737_81_prav_rezba_technix_pro/,Винт трапецеидальный TR28х5 ГОСТ 24737-81 (прав.резьба) TECHNIX PRO купить в Санкт-Петербурге по оптовым ценам от производителя | TECHNIX,"Винт трапецеидальный TR28х5 ГОСТ 24737-81 (прав.резьба) TECHNIX PRO: купить у производителя по оптовым ценам в Санкт-Петербурге. 
Большой выбор промышленных комплектующих. ✔️ Гарантия качества. ✔️ Компания TECHNIX.",Винт трапецеидальный TR28х5 ГОСТ 24737-81 (прав.резьба) TECHNIX PRO,200
https://technix-rus.ru/catalog/trapetseidalnye_gayki_i_vinty/vinty_trapetseidalnye/vint_trapetseidalnyy_tr20kh4lh_gost_24737_81_lev_rezba_technix_pro/,Винт трапецеидальный TR20х4LH ГОСТ 24737-81 (лев.резьба) TECHNIX PRO купить в Санкт-Петербурге по оптовым ценам от производителя | TECHNIX,"Винт трапецеидальный TR20х4LH ГОСТ 24737-81 (лев.резьба) TECHNIX PRO: купить у производителя по оптовым ценам в Санкт-Петербурге. 
Большой выбор промышленных комплектующих. ✔️ Гарантия качества. ✔️ Компания TECHNIX.",Винт трапецеидальный TR20х4LH ГОСТ 24737-81 (лев.резьба) TECHNIX PRO,200
https://technix-rus.ru/catalog/trapetseidalnye_gayki_i_vinty/vinty_trapetseidalnye/vint_trapetseidalnyy_d_120_mm_shag_rezby_16_mm_l_200_sm_tr_120_16_g_technix/,"Винт трапецеидальный d=120 мм, шаг резьбы 16 мм, L=200 см, TR 120-16-G TECHNIX купить в Санкт-Петербурге по оптовым ценам от производителя | TECHNIX","Винт трапецеидальный d=120 мм, шаг резьбы 16 мм, L=200 см, TR 120-16-G TECHNIX: купить у производителя по оптовым ценам в Санкт-Петербурге. 
Большой выбор промышленных комплектующих. ✔️ Гарантия качества. ✔️ Компания TECHNIX.","Винт трапецеидальный d=120 мм, шаг резьбы 16 мм, L=200 см, TR 120-16-G TECHNIX",200
https://technix-rus.ru/catalog/trapetseidalnye_gayki_i_vinty/vinty_trapetseidalnye/vint_trapetseidalnyy_tr14x3_gost_24737_81_prav_rezba_technix_pro/,Винт трапецеидальный TR14x3 ГОСТ 24737-81 (прав.резьба) TECHNIX PRO купить в Санкт-Петербурге по оптовым ценам от производителя | TECHNIX,"Винт трапецеидальный TR14x3 ГОСТ 24737-81 (прав.резьба) TECHNIX PRO: купить у производителя по оптовым ценам в Санкт-Петербурге. 
Большой выбор промышленных комплектующих. ✔️ Гарантия качества. ✔️ Компания TECHNIX.",Винт трапецеидальный TR14x3 ГОСТ 24737-81 (прав.резьба) TECHNIX PRO,200
https://technix-rus.ru/catalog/trapetseidalnye_gayki_i_vinty/vinty_trapetseidalnye/vint_trapetseidalnyy_d_40_mm_shag_rezby_7_mm_tr_40_7_d_technix/,"Винт трапецеидальный d=40 мм, шаг резьбы 7 мм, TR 40-7-D TECHNIX купить в Санкт-Петербурге по оптовым ценам от производителя | TECHNIX","Винт трапецеидальный d=40 мм, шаг резьбы 7 мм, TR 40-7-D TECHNIX: купить у производителя по оптовым ценам в Санкт-Петербурге. 
Большой выбор промышленных комплектующих. ✔️ Гарантия качества. ✔️ Компания TECHNIX.","Винт трапецеидальный d=40 мм, шаг резьбы 7 мм, TR 40-7-D TECHNIX",200
https://technix-rus.ru/catalog/trapetseidalnye_gayki_i_vinty/vinty_trapetseidalnye/vint_trapetseidalnyy_tr20kh4_gost_24737_81_prav_rezba_technix_pro/,Винт трапецеидальный TR20х4 ГОСТ 24737-81 (прав.резьба) TECHNIX PRO купить в Санкт-Петербурге по оптовым ценам от производителя | TECHNIX,"Винт трапецеидальный TR20х4 ГОСТ 24737-81 (прав.резьба) TECHNIX PRO: купить у производителя по оптовым ценам в Санкт-Петербурге. 
Большой выбор промышленных комплектующих. ✔️ Гарантия качества. ✔️ Компания TECHNIX.",Винт трапецеидальный TR20х4 ГОСТ 24737-81 (прав.резьба) TECHNIX PRO,200
https://technix-rus.ru/catalog/trapetseidalnye_gayki_i_vinty/vinty_trapetseidalnye/vint_trapetseidalnyy_tr16kh4lh_gost_24737_81_lev_rezba_technix_pro/,Винт трапецеидальный TR16х4LH ГОСТ 24737-81 (лев.резьба) TECHNIX PRO купить в Санкт-Петербурге по оптовым ценам от производителя | TECHNIX,"Винт трапецеидальный TR16х4LH ГОСТ 24737-81 (лев.резьба) TECHNIX PRO: купить у производителя по оптовым ценам в Санкт-Петербурге. 
Большой выбор промышленных комплектующих. ✔️ Гарантия качества. ✔️ Компания TECHNIX.",Винт трапецеидальный TR16х4LH ГОСТ 24737-81 (лев.резьба) TECHNIX PRO,200
https://technix-rus.ru/catalog/trapetseidalnye_gayki_i_vinty/vinty_trapetseidalnye/vint_trapetseidalnyy_tr30kh6_gost_24737_81_prav_rezba_technix_pro/,Винт трапецеидальный TR30х6 ГОСТ 24737-81 (прав.резьба) TECHNIX PRO купить в Санкт-Петербурге по оптовым ценам от производителя | TECHNIX,"Винт трапецеидальный TR30х6 ГОСТ 24737-81 (прав.резьба) TECHNIX PRO: купить у производителя по оптовым ценам в Санкт-Петербурге. 
Большой выбор промышленных комплектующих. ✔️ Гарантия качества. ✔️ Компания TECHNIX.",Винт трапецеидальный TR30х6 ГОСТ 24737-81 (прав.резьба) TECHNIX PRO,200
https://technix-rus.ru/catalog/sistemy_lineynogo_peremeshcheniya/opory/opora_shf50_technix/,Опора SHF50 TECHNIX купить в Санкт-Петербурге по оптовым ценам от производителя | TECHNIX,"Опора SHF50 TECHNIX: купить у производителя по оптовым ценам в Санкт-Петербурге. 
Большой выбор промышленных комплектующих. ✔️ Гарантия качества. ✔️ Компания TECHNIX.",Опора SHF50 TECHNIX,200
https://technix-rus.ru/catalog/trapetseidalnye_gayki_i_vinty/vinty_trapetseidalnye/vint_trapetseidalnyy_tr24kh5_gost_24737_81_prav_rezba_technix_pro/,Винт трапецеидальный TR24х5 ГОСТ 24737-81 (прав.резьба) TECHNIX PRO купить в Санкт-Петербурге по оптовым ценам от производителя | TECHNIX,"Винт трапецеидальный TR24х5 ГОСТ 24737-81 (прав.резьба) TECHNIX PRO: купить у производителя по оптовым ценам в Санкт-Петербурге. 
Большой выбор промышленных комплектующих. ✔️ Гарантия качества. ✔️ Компания TECHNIX.",Винт трапецеидальный TR24х5 ГОСТ 24737-81 (прав.резьба) TECHNIX PRO,200
https://technix-rus.ru/catalog/sistemy_lineynogo_peremeshcheniya/opory/opora_sk40_technix/,Опора SK40 TECHNIX купить в Санкт-Петербурге по оптовым ценам от производителя | TECHNIX,"Опора SK40 TECHNIX: купить у производителя по оптовым ценам в Санкт-Петербурге. 
Большой выбор промышленных комплектующих. ✔️ Гарантия качества. ✔️ Компания TECHNIX.",Опора SK40 TECHNIX,200
https://technix-rus.ru/catalog/sistemy_lineynogo_peremeshcheniya/opory/opora_sk60_technix/,Опора SK60 TECHNIX купить в Санкт-Петербурге по оптовым ценам от производителя | TECHNIX,"Опора SK60 TECHNIX: купить у производителя по оптовым ценам в Санкт-Петербурге. 
Большой выбор промышленных комплектующих. ✔️ Гарантия качества. ✔️ Компания TECHNIX.",Опора SK60 TECHNIX,200
https://technix-rus.ru/catalog/sistemy_lineynogo_peremeshcheniya/opory/opora_sk50_technix/,Опора SK50 TECHNIX купить в Санкт-Петербурге по оптовым ценам от производителя | TECHNIX,"Опора SK50 TECHNIX: купить у производителя по оптовым ценам в Санкт-Петербурге. 
Большой выбор промышленных комплектующих. ✔️ Гарантия качества. ✔️ Компания TECHNIX.",Опора SK50 TECHNIX,200
https://technix-rus.ru/catalog/sistemy_lineynogo_peremeshcheniya/opory/opora_shf35_technix/,Опора SHF35 TECHNIX купить в Санкт-Петербурге по оптовым ценам от производителя | TECHNIX,"Опора SHF35 TECHNIX: купить у производителя по оптовым ценам в Санкт-Петербурге. 
Большой выбор промышленных комплектующих. ✔️ Гарантия качества. ✔️ Компания TECHNIX.",Опора SHF35 TECHNIX,200
https://technix-rus.ru/catalog/sistemy_lineynogo_peremeshcheniya/opory/opora_sk10_technix/,Опора SK10 TECHNIX купить в Санкт-Петербурге по оптовым ценам от производителя | TECHNIX,"Опора SK10 TECHNIX: купить у производителя по оптовым ценам в Санкт-Петербурге. 
Большой выбор промышленных комплектующих. ✔️ Гарантия качества. ✔️ Компания TECHNIX.",Опора SK10 TECHNIX,200
https://technix-rus.ru/catalog/sistemy_lineynogo_peremeshcheniya/opory/opora_shf30_technix/,Опора SHF30 TECHNIX купить в Санкт-Петербурге по оптовым ценам от производителя | TECHNIX,"Опора SHF30 TECHNIX: купить у производителя по оптовым ценам в Санкт-Петербурге. 
Большой выбор промышленных комплектующих. ✔️ Гарантия качества. ✔️ Компания TECHNIX.",Опора SHF30 TECHNIX,200
https://technix-rus.ru/catalog/sistemy_lineynogo_peremeshcheniya/opory/opora_sk30_technix/,Опора SK30 TECHNIX купить в Санкт-Петербурге по оптовым ценам от производителя | TECHNIX,"Опора SK30 TECHNIX: купить у производителя по оптовым ценам в Санкт-Петербурге. 
Большой выбор промышленных комплектующих. ✔️ Гарантия качества. ✔️ Компания TECHNIX.",Опора SK30 TECHNIX,200
https://technix-rus.ru/catalog/trapetseidalnye_gayki_i_vinty/vinty_trapetseidalnye/vint_trapetseidalnyy_tr16kh4_gost_24737_81_prav_rezba_technix_pro/,Винт трапецеидальный TR16х4 ГОСТ 24737-81 (прав.резьба) TECHNIX PRO купить в Санкт-Петербурге по оптовым ценам от производителя | TECHNIX,"Винт трапецеидальный TR16х4 ГОСТ 24737-81 (прав.резьба) TECHNIX PRO: купить у производителя по оптовым ценам в Санкт-Петербурге. 
Большой выбор промышленных комплектующих. ✔️ Гарантия качества. ✔️ Компания TECHNIX.",Винт трапецеидальный TR16х4 ГОСТ 24737-81 (прав.резьба) TECHNIX PRO,200
https://technix-rus.ru/catalog/trapetseidalnye_gayki_i_vinty/vinty_trapetseidalnye/vint_trapetseidalnyy_tr12x3_gost_24737_81_prav_rezba_technix_pro/,Винт трапецеидальный TR12x3 ГОСТ 24737-81 (прав.резьба) TECHNIX PRO купить в Санкт-Петербурге по оптовым ценам от производителя | TECHNIX,"Винт трапецеидальный TR12x3 ГОСТ 24737-81 (прав.резьба) TECHNIX PRO: купить у производителя по оптовым ценам в Санкт-Петербурге. 
Большой выбор промышленных комплектующих. ✔️ Гарантия качества. ✔️ Компания TECHNIX.",Винт трапецеидальный TR12x3 ГОСТ 24737-81 (прав.резьба) TECHNIX PRO,200
https://technix-rus.ru/catalog/sistemy_lineynogo_peremeshcheniya/opory/opora_shf25_technix/,Опора SHF25 TECHNIX купить в Санкт-Петербурге по оптовым ценам от производителя | TECHNIX,"Опора SHF25 TECHNIX: купить у производителя по оптовым ценам в Санкт-Петербурге. 
Большой выбор промышленных комплектующих. ✔️ Гарантия качества. ✔️ Компания TECHNIX.",Опора SHF25 TECHNIX,200
https://technix-rus.ru/catalog/sistemy_lineynogo_peremeshcheniya/opory/opora_sk08_technix/,Опора SK08 TECHNIX купить в Санкт-Петербурге по оптовым ценам от производителя | TECHNIX,"Опора SK08 TECHNIX: купить у производителя по оптовым ценам в Санкт-Петербурге. 
Большой выбор промышленных комплектующих. ✔️ Гарантия качества. ✔️ Компания TECHNIX.",Опора SK08 TECHNIX,200
https://technix-rus.ru/catalog/sistemy_lineynogo_peremeshcheniya/opory/opora_sk16_technix/,Опора SK16 TECHNIX купить в Санкт-Петербурге по оптовым ценам от производителя | TECHNIX,"Опора SK16 TECHNIX: купить у производителя по оптовым ценам в Санкт-Петербурге. 
Большой выбор промышленных комплектующих. ✔️ Гарантия качества. ✔️ Компания TECHNIX.",Опора SK16 TECHNIX,200
https://technix-rus.ru/catalog/sistemy_lineynogo_peremeshcheniya/opory/opora_shf10_technix/,Опора SHF10 TECHNIX купить в Санкт-Петербурге по оптовым ценам от производителя | TECHNIX,"Опора SHF10 TECHNIX: купить у производителя по оптовым ценам в Санкт-Петербурге. 
Большой выбор промышленных комплектующих. ✔️ Гарантия качества. ✔️ Компания TECHNIX.",Опора SHF10 TECHNIX,200
https://technix-rus.ru/catalog/sistemy_lineynogo_peremeshcheniya/opory/opora_shf12_technix/,Опора SHF12 TECHNIX купить в Санкт-Петербурге по оптовым ценам от производителя | TECHNIX,"Опора SHF12 TECHNIX: купить у производителя по оптовым ценам в Санкт-Петербурге. 
Большой выбор промышленных комплектующих. ✔️ Гарантия качества. ✔️ Компания TECHNIX.",Опора SHF12 TECHNIX,200
https://technix-rus.ru/catalog/sistemy_lineynogo_peremeshcheniya/opory/opora_shf40_technix/,Опора SHF40 TECHNIX купить в Санкт-Петербурге по оптовым ценам от производителя | TECHNIX,"Опора SHF40 TECHNIX: купить у производителя по оптовым ценам в Санкт-Петербурге. 
Большой выбор промышленных комплектующих. ✔️ Гарантия качества. ✔️ Компания TECHNIX.",Опора SHF40 TECHNIX,200
https://technix-rus.ru/catalog/sistemy_lineynogo_peremeshcheniya/opory/opora_sk20_technix/,Опора SK20 TECHNIX купить в Санкт-Петербурге по оптовым ценам от производителя | TECHNIX,"Опора SK20 TECHNIX: купить у производителя по оптовым ценам в Санкт-Петербурге. 
Большой выбор промышленных комплектующих. ✔️ Гарантия качества. ✔️ Компания TECHNIX.",Опора SK20 TECHNIX,200
https://technix-rus.ru/catalog/sistemy_lineynogo_peremeshcheniya/opory/opora_sk12_technix/,Опора SK12 TECHNIX купить в Санкт-Петербурге по оптовым ценам от производителя | TECHNIX,"Опора SK12 TECHNIX: купить у производителя по оптовым ценам в Санкт-Петербурге. 
Большой выбор промышленных комплектующих. ✔️ Гарантия качества. ✔️ Компания TECHNIX.",Опора SK12 TECHNIX,200
https://technix-rus.ru/catalog/sistemy_lineynogo_peremeshcheniya/opory/opora_shf20_technix/,Опора SHF20 TECHNIX купить в Санкт-Петербурге по оптовым ценам от производителя | TECHNIX,"Опора SHF20 TECHNIX: купить у производителя по оптовым ценам в Санкт-Петербурге. 
Большой выбор промышленных комплектующих. ✔️ Гарантия качества. ✔️ Компания TECHNIX.",Опора SHF20 TECHNIX,200
https://technix-rus.ru/catalog/sistemy_lineynogo_peremeshcheniya/valy/valy_3/val_pretsizionnyy_w16_technix/,Вал прецизионный W16 TECHNIX купить в Санкт-Петербурге по оптовым ценам от производителя | TECHNIX,"Вал прецизионный W16 TECHNIX: купить у производителя по оптовым ценам в Санкт-Петербурге. 
Большой выбор промышленных комплектующих. ✔️ Гарантия качества. ✔️ Компания TECHNIX.",Вал прецизионный W16 TECHNIX,200
https://technix-rus.ru/catalog/sistemy_lineynogo_peremeshcheniya/opory/opora_shf16_technix/,Опора SHF16 TECHNIX купить в Санкт-Петербурге по оптовым ценам от производителя | TECHNIX,"Опора SHF16 TECHNIX: купить у производителя по оптовым ценам в Санкт-Петербурге. 
Большой выбор промышленных комплектующих. ✔️ Гарантия качества. ✔️ Компания TECHNIX.",Опора SHF16 TECHNIX,200
https://technix-rus.ru/catalog/sistemy_lineynogo_peremeshcheniya/valy/valy_3/val_pretsizionnyy_w40_technix/,Вал прецизионный W40 TECHNIX купить в Санкт-Петербурге по оптовым ценам от производителя | TECHNIX,"Вал прецизионный W40 TECHNIX: купить у производителя по оптовым ценам в Санкт-Петербурге. 
Большой выбор промышленных комплектующих. ✔️ Гарантия качества. ✔️ Компания TECHNIX.",Вал прецизионный W40 TECHNIX,200
https://technix-rus.ru/catalog/trapetseidalnye_gayki_i_vinty/vinty_trapetseidalnye/vint_trapetseidalnyy_tr28kh5lh_gost_24737_81_lev_rezba_technix_pro/,Винт трапецеидальный TR28х5LH ГОСТ 24737-81 (лев.резьба) TECHNIX PRO купить в Санкт-Петербурге по оптовым ценам от производителя | TECHNIX,"Винт трапецеидальный TR28х5LH ГОСТ 24737-81 (лев.резьба) TECHNIX PRO: купить у производителя по оптовым ценам в Санкт-Петербурге. 
Большой выбор промышленных комплектующих. ✔️ Гарантия качества. ✔️ Компания TECHNIX.",Винт трапецеидальный TR28х5LH ГОСТ 24737-81 (лев.резьба) TECHNIX PRO,200
https://technix-rus.ru/catalog/sistemy_lineynogo_peremeshcheniya/valy/valy_3/val_pretsizionnyy_w60_technix/,Вал прецизионный W60 TECHNIX купить в Санкт-Петербурге по оптовым ценам от производителя | TECHNIX,"Вал прецизионный W60 TECHNIX: купить у производителя по оптовым ценам в Санкт-Петербурге. 
Большой выбор промышленных комплектующих. ✔️ Гарантия качества. ✔️ Компания TECHNIX.",Вал прецизионный W60 TECHNIX,200
https://technix-rus.ru/catalog/sistemy_lineynogo_peremeshcheniya/opory/opora_shf13_technix/,Опора SHF13 TECHNIX купить в Санкт-Петербурге по оптовым ценам от производителя | TECHNIX,"Опора SHF13 TECHNIX: купить у производителя по оптовым ценам в Санкт-Петербурге. 
Большой выбор промышленных комплектующих. ✔️ Гарантия качества. ✔️ Компания TECHNIX.",Опора SHF13 TECHNIX,200
https://technix-rus.ru/catalog/sistemy_lineynogo_peremeshcheniya/valy/valy_3/val_pretsizionnyy_khromirovannyy_wv6_technix/,Вал прецизионный хромированный WV6 TECHNIX купить в Санкт-Петербурге по оптовым ценам от производителя | TECHNIX,"Вал прецизионный хромированный WV6 TECHNIX: купить у производителя по оптовым ценам в Санкт-Петербурге. 
Большой выбор промышленных комплектующих. ✔️ Гарантия качества. ✔️ Компания TECHNIX.",Вал прецизионный хромированный WV6 TECHNIX,200
https://technix-rus.ru/catalog/sistemy_lineynogo_peremeshcheniya/valy/valy_3/val_pretsizionnyy_w25_technix/,Вал прецизионный W25 TECHNIX купить в Санкт-Петербурге по оптовым ценам от производителя | TECHNIX,"Вал прецизионный W25 TECHNIX: купить у производителя по оптовым ценам в Санкт-Петербурге. 
Большой выбор промышленных комплектующих. ✔️ Гарантия качества. ✔️ Компания TECHNIX.",Вал прецизионный W25 TECHNIX,200
https://technix-rus.ru/catalog/sistemy_lineynogo_peremeshcheniya/valy/valy_3/val_pretsizionnyy_khromirovannyy_wv12_technix/,Вал прецизионный хромированный WV12 TECHNIX купить в Санкт-Петербурге по оптовым ценам от производителя | TECHNIX,"Вал прецизионный хромированный WV12 TECHNIX: купить у производителя по оптовым ценам в Санкт-Петербурге. 
Большой выбор промышленных комплектующих. ✔️ Гарантия качества. ✔️ Компания TECHNIX.",Вал прецизионный хромированный WV12 TECHNIX,200
https://technix-rus.ru/catalog/sistemy_lineynogo_peremeshcheniya/valy/valy_3/val_pretsizionnyy_khromirovannyy_wv60_technix/,Вал прецизионный хромированный WV60 TECHNIX купить в Санкт-Петербурге по оптовым ценам от производителя | TECHNIX,"Вал прецизионный хромированный WV60 TECHNIX: купить у производителя по оптовым ценам в Санкт-Петербурге. 
Большой выбор промышленных комплектующих. ✔️ Гарантия качества. ✔️ Компания TECHNIX.",Вал прецизионный хромированный WV60 TECHNIX,200
https://technix-rus.ru/catalog/sistemy_lineynogo_peremeshcheniya/valy/valy_3/val_pretsizionnyy_khromirovannyy_wv16_technix/,Вал прецизионный хромированный WV16 TECHNIX купить в Санкт-Петербурге по оптовым ценам от производителя | TECHNIX,"Вал прецизионный хромированный WV16 TECHNIX: купить у производителя по оптовым ценам в Санкт-Петербурге. 
Большой выбор промышленных комплектующих. ✔️ Гарантия качества. ✔️ Компания TECHNIX.",Вал прецизионный хромированный WV16 TECHNIX,200
https://technix-rus.ru/catalog/sistemy_lineynogo_peremeshcheniya/valy/valy_3/val_pretsizionnyy_khromirovannyy_wv25_technix/,Вал прецизионный хромированный WV25 TECHNIX купить в Санкт-Петербурге по оптовым ценам от производителя | TECHNIX,"Вал прецизионный хромированный WV25 TECHNIX: купить у производителя по оптовым ценам в Санкт-Петербурге. 
Большой выбор промышленных комплектующих. ✔️ Гарантия качества. ✔️ Компания TECHNIX.",Вал прецизионный хромированный WV25 TECHNIX,200
https://technix-rus.ru/catalog/sistemy_lineynogo_peremeshcheniya/valy/valy_3/val_pretsizionnyy_khromirovannyy_wv40_technix/,Вал прецизионный хромированный WV40 TECHNIX купить в Санкт-Петербурге по оптовым ценам от производителя | TECHNIX,"Вал прецизионный хромированный WV40 TECHNIX: купить у производителя по оптовым ценам в Санкт-Петербурге. 
Большой выбор промышленных комплектующих. ✔️ Гарантия качества. ✔️ Компания TECHNIX.",Вал прецизионный хромированный WV40 TECHNIX,200
https://technix-rus.ru/catalog/sistemy_lineynogo_peremeshcheniya/valy/valy_3/val_pretsizionnyy_w6_technix/,Вал прецизионный W6 TECHNIX купить в Санкт-Петербурге по оптовым ценам от производителя | TECHNIX,"Вал прецизионный W6 TECHNIX: купить у производителя по оптовым ценам в Санкт-Петербурге. 
Большой выбор промышленных комплектующих. ✔️ Гарантия качества. ✔️ Компания TECHNIX.",Вал прецизионный W6 TECHNIX,200
https://technix-rus.ru/catalog/sistemy_lineynogo_peremeshcheniya/valy/valy_3/val_pretsizionnyy_khromirovannyy_wv13_technix/,Вал прецизионный хромированный WV13 TECHNIX купить в Санкт-Петербурге по оптовым ценам от производителя | TECHNIX,"Вал прецизионный хромированный WV13 TECHNIX: купить у производителя по оптовым ценам в Санкт-Петербурге. 
Большой выбор промышленных комплектующих. ✔️ Гарантия качества. ✔️ Компания TECHNIX.",Вал прецизионный хромированный WV13 TECHNIX,200
https://technix-rus.ru/catalog/sistemy_lineynogo_peremeshcheniya/valy/valy_3/val_pretsizionnyy_polyy_khromirovannyy_wvh25_technix/,Вал прецизионный полый хромированный WVH25 TECHNIX купить в Санкт-Петербурге по оптовым ценам от производителя | TECHNIX,"Вал прецизионный полый хромированный WVH25 TECHNIX: купить у производителя по оптовым ценам в Санкт-Петербурге. 
Большой выбор промышленных комплектующих. ✔️ Гарантия качества. ✔️ Компания TECHNIX.",Вал прецизионный полый хромированный WVH25 TECHNIX,200
https://technix-rus.ru/catalog/sistemy_lineynogo_peremeshcheniya/valy/valy_3/val_pretsizionnyy_polyy_khromirovannyy_wvh30_technix/,Вал прецизионный полый хромированный WVH30 TECHNIX купить в Санкт-Петербурге по оптовым ценам от производителя | TECHNIX,"Вал прецизионный полый хромированный WVH30 TECHNIX: купить у производителя по оптовым ценам в Санкт-Петербурге. 
Большой выбор промышленных комплектующих. ✔️ Гарантия качества. ✔️ Компания TECHNIX.",Вал прецизионный полый хромированный WVH30 TECHNIX,200
https://technix-rus.ru/catalog/trapetseidalnye_gayki_i_vinty/vinty_trapetseidalnye/vint_trapetseidalnyy_tr14x3lh_gost_24737_81_lev_rezba_technix_pro/,Винт трапецеидальный TR14x3LH ГОСТ 24737-81 (лев.резьба) TECHNIX PRO купить в Санкт-Петербурге по оптовым ценам от производителя | TECHNIX,"Винт трапецеидальный TR14x3LH ГОСТ 24737-81 (лев.резьба) TECHNIX PRO: купить у производителя по оптовым ценам в Санкт-Петербурге. 
Большой выбор промышленных комплектующих. ✔️ Гарантия качества. ✔️ Компания TECHNIX.",Винт трапецеидальный TR14x3LH ГОСТ 24737-81 (лев.резьба) TECHNIX PRO,200
https://technix-rus.ru/catalog/sistemy_lineynogo_peremeshcheniya/valy/valy_3/val_pretsizionnyy_w10_technix/,Вал прецизионный W10 TECHNIX купить в Санкт-Петербурге по оптовым ценам от производителя | TECHNIX,"Вал прецизионный W10 TECHNIX: купить у производителя по оптовым ценам в Санкт-Петербурге. 
Большой выбор промышленных комплектующих. ✔️ Гарантия качества. ✔️ Компания TECHNIX.",Вал прецизионный W10 TECHNIX,200
https://technix-rus.ru/catalog/sistemy_lineynogo_peremeshcheniya/valy/valy_3/val_pretsizionnyy_khromirovannyy_wv8_technix/,Вал прецизионный хромированный WV8 TECHNIX купить в Санкт-Петербурге по оптовым ценам от производителя | TECHNIX,"Вал прецизионный хромированный WV8 TECHNIX: купить у производителя по оптовым ценам в Санкт-Петербурге. 
Большой выбор промышленных комплектующих. ✔️ Гарантия качества. ✔️ Компания TECHNIX.",Вал прецизионный хромированный WV8 TECHNIX,200
https://technix-rus.ru/catalog/sistemy_lineynogo_peremeshcheniya/valy/valy_3/val_pretsizionnyy_w8_technix/,Вал прецизионный W8 TECHNIX купить в Санкт-Петербурге по оптовым ценам от производителя | TECHNIX,"Вал прецизионный W8 TECHNIX: купить у производителя по оптовым ценам в Санкт-Петербурге. 
Большой выбор промышленных комплектующих. ✔️ Гарантия качества. ✔️ Компания TECHNIX.",Вал прецизионный W8 TECHNIX,200
https://technix-rus.ru/catalog/sistemy_lineynogo_peremeshcheniya/valy/valy_3/val_pretsizionnyy_khromirovannyy_wv10_technix/,Вал прецизионный хромированный WV10 TECHNIX купить в Санкт-Петербурге по оптовым ценам от производителя | TECHNIX,"Вал прецизионный хромированный WV10 TECHNIX: купить у производителя по оптовым ценам в Санкт-Петербурге. 
Большой выбор промышленных комплектующих. ✔️ Гарантия качества. ✔️ Компания TECHNIX.",Вал прецизионный хромированный WV10 TECHNIX,200
https://technix-rus.ru/catalog/sistemy_lineynogo_peremeshcheniya/valy/valy_s_oporoy/val_pretsizionnyy_s_oporoy_sbr40c_technix/,Вал прецизионный с опорой SBR40C TECHNIX купить в Санкт-Петербурге по оптовым ценам от производителя | TECHNIX,"Вал прецизионный с опорой SBR40C TECHNIX: купить у производителя по оптовым ценам в Санкт-Петербурге. 
Большой выбор промышленных комплектующих. ✔️ Гарантия качества. ✔️ Компания TECHNIX.",Вал прецизионный с опорой SBR40C TECHNIX,200
https://technix-rus.ru/catalog/sistemy_lineynogo_peremeshcheniya/valy/valy_s_oporoy/val_pretsizionnyy_s_oporoy_sbr50c_technix/,Вал прецизионный с опорой SBR50C TECHNIX купить в Санкт-Петербурге по оптовым ценам от производителя | TECHNIX,"Вал прецизионный с опорой SBR50C TECHNIX: купить у производителя по оптовым ценам в Санкт-Петербурге. 
Большой выбор промышленных комплектующих. ✔️ Гарантия качества. ✔️ Компания TECHNIX.",Вал прецизионный с опорой SBR50C TECHNIX,200
https://technix-rus.ru/catalog/sistemy_lineynogo_peremeshcheniya/valy/valy_s_oporoy/val_pretsizionnyy_s_oporoy_tbr30_technix/,Вал прецизионный с опорой TBR30  TECHNIX купить в Санкт-Петербурге по оптовым ценам от производителя | TECHNIX,"Вал прецизионный с опорой TBR30  TECHNIX: купить у производителя по оптовым ценам в Санкт-Петербурге. 
Большой выбор промышленных комплектующих. ✔️ Гарантия качества. ✔️ Компания TECHNIX.",Вал прецизионный с опорой TBR30  TECHNIX,200
https://technix-rus.ru/catalog/sistemy_lineynogo_peremeshcheniya/valy/valy_s_oporoy/val_pretsizionnyy_s_oporoy_sbr25c_technix/,Вал прецизионный с опорой SBR25C  TECHNIX купить в Санкт-Петербурге по оптовым ценам от производителя | TECHNIX,"Вал прецизионный с опорой SBR25C  TECHNIX: купить у производителя по оптовым ценам в Санкт-Петербурге. 
Большой выбор промышленных комплектующих. ✔️ Гарантия качества. ✔️ Компания TECHNIX.",Вал прецизионный с опорой SBR25C  TECHNIX,200
https://technix-rus.ru/catalog/sistemy_lineynogo_peremeshcheniya/valy/valy_3/val_pretsizionnyy_w80_technix/,Вал прецизионный W80 TECHNIX купить в Санкт-Петербурге по оптовым ценам от производителя | TECHNIX,"Вал прецизионный W80 TECHNIX: купить у производителя по оптовым ценам в Санкт-Петербурге. 
Большой выбор промышленных комплектующих. ✔️ Гарантия качества. ✔️ Компания TECHNIX.",Вал прецизионный W80 TECHNIX,200
https://technix-rus.ru/catalog/sistemy_lineynogo_peremeshcheniya/valy/valy_s_oporoy/val_pretsizionnyy_s_oporoy_tbr16_technix/,Вал прецизионный с опорой TBR16 TECHNIX купить в Санкт-Петербурге по оптовым ценам от производителя | TECHNIX,"Вал прецизионный с опорой TBR16 TECHNIX: купить у производителя по оптовым ценам в Санкт-Петербурге. 
Большой выбор промышленных комплектующих. ✔️ Гарантия качества. ✔️ Компания TECHNIX.",Вал прецизионный с опорой TBR16 TECHNIX,200
https://technix-rus.ru/catalog/sistemy_lineynogo_peremeshcheniya/valy/valy_3/val_pretsizionnyy_w50_technix/,Вал прецизионный W50 TECHNIX купить в Санкт-Петербурге по оптовым ценам от производителя | TECHNIX,"Вал прецизионный W50 TECHNIX: купить у производителя по оптовым ценам в Санкт-Петербурге. 
Большой выбор промышленных комплектующих. ✔️ Гарантия качества. ✔️ Компания TECHNIX.",Вал прецизионный W50 TECHNIX,200
https://technix-rus.ru/catalog/sistemy_lineynogo_peremeshcheniya/valy/valy_s_oporoy/val_pretsizionnyy_s_oporoy_tbr20_technix/,Вал прецизионный с опорой TBR20 TECHNIX купить в Санкт-Петербурге по оптовым ценам от производителя | TECHNIX,"Вал прецизионный с опорой TBR20 TECHNIX: купить у производителя по оптовым ценам в Санкт-Петербурге. 
Большой выбор промышленных комплектующих. ✔️ Гарантия качества. ✔️ Компания TECHNIX.",Вал прецизионный с опорой TBR20 TECHNIX,200
https://technix-rus.ru/catalog/sistemy_lineynogo_peremeshcheniya/valy/valy_3/val_pretsizionnyy_khromirovannyy_wv30_technix/,Вал прецизионный хромированный WV30 TECHNIX купить в Санкт-Петербурге по оптовым ценам от производителя | TECHNIX,"Вал прецизионный хромированный WV30 TECHNIX: купить у производителя по оптовым ценам в Санкт-Петербурге. 
Большой выбор промышленных комплектующих. ✔️ Гарантия качества. ✔️ Компания TECHNIX.",Вал прецизионный хромированный WV30 TECHNIX,200
https://technix-rus.ru/catalog/sistemy_lineynogo_peremeshcheniya/valy/valy_s_oporoy/val_pretsizionnyy_s_oporoy_sbr30c_technix/,Вал прецизионный с опорой SBR30C TECHNIX купить в Санкт-Петербурге по оптовым ценам от производителя | TECHNIX,"Вал прецизионный с опорой SBR30C TECHNIX: купить у производителя по оптовым ценам в Санкт-Петербурге. 
Большой выбор промышленных комплектующих. ✔️ Гарантия качества. ✔️ Компания TECHNIX.",Вал прецизионный с опорой SBR30C TECHNIX,200
https://technix-rus.ru/catalog/sistemy_lineynogo_peremeshcheniya/valy/valy_3/val_pretsizionnyy_khromirovannyy_wv20_technix/,Вал прецизионный хромированный WV20 TECHNIX купить в Санкт-Петербурге по оптовым ценам от производителя | TECHNIX,"Вал прецизионный хромированный WV20 TECHNIX: купить у производителя по оптовым ценам в Санкт-Петербурге. 
Большой выбор промышленных комплектующих. ✔️ Гарантия качества. ✔️ Компания TECHNIX.",Вал прецизионный хромированный WV20 TECHNIX,200
https://technix-rus.ru/catalog/sistemy_lineynogo_peremeshcheniya/valy/valy_s_oporoy/val_pretsizionnyy_s_oporoy_sbr16c_technix/,Вал прецизионный с опорой SBR16C TECHNIX купить в Санкт-Петербурге по оптовым ценам от производителя | TECHNIX,"Вал прецизионный с опорой SBR16C TECHNIX: купить у производителя по оптовым ценам в Санкт-Петербурге. 
Большой выбор промышленных комплектующих. ✔️ Гарантия качества. ✔️ Компания TECHNIX.",Вал прецизионный с опорой SBR16C TECHNIX,200
https://technix-rus.ru/catalog/sistemy_lineynogo_peremeshcheniya/valy/valy_s_oporoy/val_pretsizionnyy_s_oporoy_sbr20c_technix/,Вал прецизионный с опорой SBR20C TECHNIX купить в Санкт-Петербурге по оптовым ценам от производителя | TECHNIX,"Вал прецизионный с опорой SBR20C TECHNIX: купить у производителя по оптовым ценам в Санкт-Петербурге. 
Большой выбор промышленных комплектующих. ✔️ Гарантия качества. ✔️ Компания TECHNIX.",Вал прецизионный с опорой SBR20C TECHNIX,200
https://technix-rus.ru/catalog/sistemy_lineynogo_peremeshcheniya/valy/valy_3/val_pretsizionnyy_w30_technix/,Вал прецизионный W30 TECHNIX купить в Санкт-Петербурге по оптовым ценам от производителя | TECHNIX,"Вал прецизионный W30 TECHNIX: купить у производителя по оптовым ценам в Санкт-Петербурге. 
Большой выбор промышленных комплектующих. ✔️ Гарантия качества. ✔️ Компания TECHNIX.",Вал прецизионный W30 TECHNIX,200
https://technix-rus.ru/catalog/sistemy_lineynogo_peremeshcheniya/lineynye_podshipniki/lineynye_podshipniki_2/lineynyy_podshipnik_lmef20_uu_kbf20pp_technix/,Линейный подшипник LMEF20-UU (KBF20PP) TECHNIX купить в Санкт-Петербурге по оптовым ценам от производителя | TECHNIX,"Линейный подшипник LMEF20-UU (KBF20PP) TECHNIX: купить у производителя по оптовым ценам в Санкт-Петербурге. 
Большой выбор промышленных комплектующих. ✔️ Гарантия качества. ✔️ Компания TECHNIX.",Линейный подшипник LMEF20-UU (KBF20PP) TECHNIX,200
https://technix-rus.ru/catalog/sistemy_lineynogo_peremeshcheniya/lineynye_podshipniki/lineynye_podshipniki_2/lineynyy_podshipnik_lmek25_uu_kbk25pp_technix/,Линейный подшипник LMEK25-UU (KBK25PP) TECHNIX купить в Санкт-Петербурге по оптовым ценам от производителя | TECHNIX,"Линейный подшипник LMEK25-UU (KBK25PP) TECHNIX: купить у производителя по оптовым ценам в Санкт-Петербурге. 
Большой выбор промышленных комплектующих. ✔️ Гарантия качества. ✔️ Компания TECHNIX.",Линейный подшипник LMEK25-UU (KBK25PP) TECHNIX,200
https://technix-rus.ru/catalog/sistemy_lineynogo_peremeshcheniya/lineynye_podshipniki/lineynye_podshipniki_2/lineynyy_podshipnik_lmef30_uu_kbf30pp_technix/,Линейный подшипник LMEF30-UU (KBF30PP) TECHNIX купить в Санкт-Петербурге по оптовым ценам от производителя | TECHNIX,"Линейный подшипник LMEF30-UU (KBF30PP) TECHNIX: купить у производителя по оптовым ценам в Санкт-Петербурге. 
Большой выбор промышленных комплектующих. ✔️ Гарантия качества. ✔️ Компания TECHNIX.",Линейный подшипник LMEF30-UU (KBF30PP) TECHNIX,200
https://technix-rus.ru/catalog/sistemy_lineynogo_peremeshcheniya/lineynye_podshipniki/lineynye_podshipniki_2/lineynyy_podshipnik_lme30_uu_aj_kbs3068pp_technix/,Линейный подшипник LME30-UU-AJ (KBS3068PP) TECHNIX купить в Санкт-Петербурге по оптовым ценам от производителя | TECHNIX,"Линейный подшипник LME30-UU-AJ (KBS3068PP) TECHNIX: купить у производителя по оптовым ценам в Санкт-Петербурге. 
Большой выбор промышленных комплектующих. ✔️ Гарантия качества. ✔️ Компания TECHNIX.",Линейный подшипник LME30-UU-AJ (KBS3068PP) TECHNIX,200
https://technix-rus.ru/catalog/sistemy_lineynogo_peremeshcheniya/lineynye_podshipniki/lineynye_podshipniki_2/lineynyy_podshipnik_kh4060_pp_technix/,Линейный подшипник KH4060-PP TECHNIX купить в Санкт-Петербурге по оптовым ценам от производителя | TECHNIX,"Линейный подшипник KH4060-PP TECHNIX: купить у производителя по оптовым ценам в Санкт-Петербурге. 
Большой выбор промышленных комплектующих. ✔️ Гарантия качества. ✔️ Компания TECHNIX.",Линейный подшипник KH4060-PP TECHNIX,200
https://technix-rus.ru/catalog/sistemy_lineynogo_peremeshcheniya/lineynye_podshipniki/lineynye_podshipniki_2/lineynyy_podshipnik_lmek12_uu_kbk12pp_technix/,Линейный подшипник LMEK12-UU (KBK12PP) TECHNIX купить в Санкт-Петербурге по оптовым ценам от производителя | TECHNIX,"Линейный подшипник LMEK12-UU (KBK12PP) TECHNIX: купить у производителя по оптовым ценам в Санкт-Петербурге. 
Большой выбор промышленных комплектующих. ✔️ Гарантия качества. ✔️ Компания TECHNIX.",Линейный подшипник LMEK12-UU (KBK12PP) TECHNIX,200
https://technix-rus.ru/catalog/sistemy_lineynogo_peremeshcheniya/opory/opora_sk25_technix/,Опора SK25 TECHNIX купить в Санкт-Петербурге по оптовым ценам от производителя | TECHNIX,"Опора SK25 TECHNIX: купить у производителя по оптовым ценам в Санкт-Петербурге. 
Большой выбор промышленных комплектующих. ✔️ Гарантия качества. ✔️ Компания TECHNIX.",Опора SK25 TECHNIX,200
https://technix-rus.ru/catalog/sistemy_lineynogo_peremeshcheniya/valy/valy_3/val_pretsizionnyy_w35_technix/,Вал прецизионный W35 TECHNIX купить в Санкт-Петербурге по оптовым ценам от производителя | TECHNIX,"Вал прецизионный W35 TECHNIX: купить у производителя по оптовым ценам в Санкт-Петербурге. 
Большой выбор промышленных комплектующих. ✔️ Гарантия качества. ✔️ Компания TECHNIX.",Вал прецизионный W35 TECHNIX,200
https://technix-rus.ru/catalog/sistemy_lineynogo_peremeshcheniya/valy/valy_3/val_pretsizionnyy_khromirovannyy_wv50_technix/,Вал прецизионный хромированный WV50 TECHNIX купить в Санкт-Петербурге по оптовым ценам от производителя | TECHNIX,"Вал прецизионный хромированный WV50 TECHNIX: купить у производителя по оптовым ценам в Санкт-Петербурге. 
Большой выбор промышленных комплектующих. ✔️ Гарантия качества. ✔️ Компания TECHNIX.",Вал прецизионный хромированный WV50 TECHNIX,200
https://technix-rus.ru/catalog/sistemy_lineynogo_peremeshcheniya/lineynye_podshipniki/lineynye_podshipniki_2/lineynyy_podshipnik_lme30_uu_kb3068pp_technix/,Линейный подшипник LME30-UU (KB3068PP) TECHNIX купить в Санкт-Петербурге по оптовым ценам от производителя | TECHNIX,"Линейный подшипник LME30-UU (KB3068PP) TECHNIX: купить у производителя по оптовым ценам в Санкт-Петербурге. 
Большой выбор промышленных комплектующих. ✔️ Гарантия качества. ✔️ Компания TECHNIX.",Линейный подшипник LME30-UU (KB3068PP) TECHNIX,200
https://technix-rus.ru/catalog/sistemy_lineynogo_peremeshcheniya/lineynye_podshipniki/lineynye_podshipniki_2/lineynyy_podshipnik_lme20_uu_kb2045pp_technix/,Линейный подшипник LME20-UU (KB2045PP) TECHNIX купить в Санкт-Петербурге по оптовым ценам от производителя | TECHNIX,"Линейный подшипник LME20-UU (KB2045PP) TECHNIX: купить у производителя по оптовым ценам в Санкт-Петербурге. 
Большой выбор промышленных комплектующих. ✔️ Гарантия качества. ✔️ Компания TECHNIX.",Линейный подшипник LME20-UU (KB2045PP) TECHNIX,200
https://technix-rus.ru/catalog/sistemy_lineynogo_peremeshcheniya/lineynye_podshipniki/lineynye_podshipniki_2/lineynyy_podshipnik_lm10_uu_technix/,Линейный подшипник LM10-UU TECHNIX купить в Санкт-Петербурге по оптовым ценам от производителя | TECHNIX,"Линейный подшипник LM10-UU TECHNIX: купить у производителя по оптовым ценам в Санкт-Петербурге. 
Большой выбор промышленных комплектующих. ✔️ Гарантия качества. ✔️ Компания TECHNIX.",Линейный подшипник LM10-UU TECHNIX,200
https://technix-rus.ru/catalog/sistemy_lineynogo_peremeshcheniya/lineynye_podshipniki/lineynye_podshipniki_2/lineynyy_podshipnik_lmef25_uu_kbf25pp_technix/,Линейный подшипник LMEF25-UU (KBF25PP) TECHNIX купить в Санкт-Петербурге по оптовым ценам от производителя | TECHNIX,"Линейный подшипник LMEF25-UU (KBF25PP) TECHNIX: купить у производителя по оптовым ценам в Санкт-Петербурге. 
Большой выбор промышленных комплектующих. ✔️ Гарантия качества. ✔️ Компания TECHNIX.",Линейный подшипник LMEF25-UU (KBF25PP) TECHNIX,200
https://technix-rus.ru/catalog/sistemy_lineynogo_peremeshcheniya/lineynye_podshipniki/lineynye_podshipniki_2/lineynyy_podshipnik_lme25_uu_kb2558pp_technix/,Линейный подшипник LME25-UU (KB2558PP) TECHNIX купить в Санкт-Петербурге по оптовым ценам от производителя | TECHNIX,"Линейный подшипник LME25-UU (KB2558PP) TECHNIX: купить у производителя по оптовым ценам в Санкт-Петербурге. 
Большой выбор промышленных комплектующих. ✔️ Гарантия качества. ✔️ Компания TECHNIX.",Линейный подшипник LME25-UU (KB2558PP) TECHNIX,200
https://technix-rus.ru/catalog/sistemy_lineynogo_peremeshcheniya/lineynye_podshipniki/lineynye_podshipniki_2/lineynyy_podshipnik_lm25_l_uu_technix/,Линейный подшипник LM25-L-UU TECHNIX купить в Санкт-Петербурге по оптовым ценам от производителя | TECHNIX,"Линейный подшипник LM25-L-UU TECHNIX: купить у производителя по оптовым ценам в Санкт-Петербурге. 
Большой выбор промышленных комплектующих. ✔️ Гарантия качества. ✔️ Компания TECHNIX.",Линейный подшипник LM25-L-UU TECHNIX,200
https://technix-rus.ru/catalog/sistemy_lineynogo_peremeshcheniya/lineynye_podshipniki/lineynye_podshipniki_2/lineynyy_podshipnik_kh1026_pp_technix/,Линейный подшипник KH1026-PP TECHNIX купить в Санкт-Петербурге по оптовым ценам от производителя | TECHNIX,"Линейный подшипник KH1026-PP TECHNIX: купить у производителя по оптовым ценам в Санкт-Петербурге. 
Большой выбор промышленных комплектующих. ✔️ Гарантия качества. ✔️ Компания TECHNIX.",Линейный подшипник KH1026-PP TECHNIX,200
https://technix-rus.ru/catalog/sistemy_lineynogo_peremeshcheniya/lineynye_podshipniki/lineynye_podshipniki_2/lineynyy_podshipnik_lme30_uu_op_kbo3068pp_technix/,Линейный подшипник LME30-UU-OP (KBO3068PP) TECHNIX купить в Санкт-Петербурге по оптовым ценам от производителя | TECHNIX,"Линейный подшипник LME30-UU-OP (KBO3068PP) TECHNIX: купить у производителя по оптовым ценам в Санкт-Петербурге. 
Большой выбор промышленных комплектующих. ✔️ Гарантия качества. ✔️ Компания TECHNIX.",Линейный подшипник LME30-UU-OP (KBO3068PP) TECHNIX,200
https://technix-rus.ru/catalog/sistemy_lineynogo_peremeshcheniya/lineynye_podshipniki/lineynye_podshipniki_2/lineynyy_podshipnik_lm25_uu_technix/,Линейный подшипник LM25-UU TECHNIX купить в Санкт-Петербурге по оптовым ценам от производителя | TECHNIX,"Линейный подшипник LM25-UU TECHNIX: купить у производителя по оптовым ценам в Санкт-Петербурге. 
Большой выбор промышленных комплектующих. ✔️ Гарантия качества. ✔️ Компания TECHNIX.",Линейный подшипник LM25-UU TECHNIX,200
https://technix-rus.ru/catalog/sistemy_lineynogo_peremeshcheniya/lineynye_podshipniki/lineynye_podshipniki_2/lineynyy_podshipnik_kh1228_pp_technix/,Линейный подшипник KH1228-PP TECHNIX купить в Санкт-Петербурге по оптовым ценам от производителя | TECHNIX,"Линейный подшипник KH1228-PP TECHNIX: купить у производителя по оптовым ценам в Санкт-Петербурге. 
Большой выбор промышленных комплектующих. ✔️ Гарантия качества. ✔️ Компания TECHNIX.",Линейный подшипник KH1228-PP TECHNIX,200
https://technix-rus.ru/catalog/sistemy_lineynogo_peremeshcheniya/lineynye_podshipniki/lineynye_podshipniki_2/lineynyy_podshipnik_lm6_uu_technix/,Линейный подшипник LM6-UU TECHNIX купить в Санкт-Петербурге по оптовым ценам от производителя | TECHNIX,"Линейный подшипник LM6-UU TECHNIX: купить у производителя по оптовым ценам в Санкт-Петербурге. 
Большой выбор промышленных комплектующих. ✔️ Гарантия качества. ✔️ Компания TECHNIX.",Линейный подшипник LM6-UU TECHNIX,200
https://technix-rus.ru/catalog/sistemy_lineynogo_peremeshcheniya/lineynye_podshipniki/lineynye_podshipniki_2/lineynyy_podshipnik_kh2540_pp_technix/,Линейный подшипник KH2540-PP TECHNIX купить в Санкт-Петербурге по оптовым ценам от производителя | TECHNIX,"Линейный подшипник KH2540-PP TECHNIX: купить у производителя по оптовым ценам в Санкт-Петербурге. 
Большой выбор промышленных комплектующих. ✔️ Гарантия качества. ✔️ Компания TECHNIX.",Линейный подшипник KH2540-PP TECHNIX,200
https://technix-rus.ru/catalog/sistemy_lineynogo_peremeshcheniya/lineynye_podshipniki/lineynye_podshipniki_2/lineynyy_podshipnik_lme16_uu_kb1636pp_technix/,Линейный подшипник LME16-UU (KB1636PP) TECHNIX купить в Санкт-Петербурге по оптовым ценам от производителя | TECHNIX,"Линейный подшипник LME16-UU (KB1636PP) TECHNIX: купить у производителя по оптовым ценам в Санкт-Петербурге. 
Большой выбор промышленных комплектующих. ✔️ Гарантия качества. ✔️ Компания TECHNIX.",Линейный подшипник LME16-UU (KB1636PP) TECHNIX,200
https://technix-rus.ru/catalog/sistemy_lineynogo_peremeshcheniya/lineynye_podshipniki/lineynye_podshipniki_2/lineynyy_podshipnik_lm12_uu_technix/,Линейный подшипник LM12-UU TECHNIX купить в Санкт-Петербурге по оптовым ценам от производителя | TECHNIX,"Линейный подшипник LM12-UU TECHNIX: купить у производителя по оптовым ценам в Санкт-Петербурге. 
Большой выбор промышленных комплектующих. ✔️ Гарантия качества. ✔️ Компания TECHNIX.",Линейный подшипник LM12-UU TECHNIX,200
https://technix-rus.ru/catalog/sistemy_lineynogo_peremeshcheniya/lineynye_podshipniki/lineynye_podshipniki_2/lineynyy_podshipnik_kh1630_pp_technix/,Линейный подшипник KH1630-PP TECHNIX купить в Санкт-Петербурге по оптовым ценам от производителя | TECHNIX,"Линейный подшипник KH1630-PP TECHNIX: купить у производителя по оптовым ценам в Санкт-Петербурге. 
Большой выбор промышленных комплектующих. ✔️ Гарантия качества. ✔️ Компания TECHNIX.",Линейный подшипник KH1630-PP TECHNIX,200
https://technix-rus.ru/catalog/sistemy_lineynogo_peremeshcheniya/lineynye_podshipniki/lineynye_podshipniki_2/lineynyy_podshipnik_kh3050_pp_technix/,Линейный подшипник KH3050-PP TECHNIX купить в Санкт-Петербурге по оптовым ценам от производителя | TECHNIX,"Линейный подшипник KH3050-PP TECHNIX: купить у производителя по оптовым ценам в Санкт-Петербурге. 
Большой выбор промышленных комплектующих. ✔️ Гарантия качества. ✔️ Компания TECHNIX.",Линейный подшипник KH3050-PP TECHNIX,200
https://technix-rus.ru/catalog/sistemy_lineynogo_peremeshcheniya/lineynye_podshipniki/lineynye_podshipniki_2/lineynyy_podshipnik_lme16_uu_op_kbo1636pp_technix/,Линейный подшипник LME16-UU-OP (KBO1636PP) TECHNIX купить в Санкт-Петербурге по оптовым ценам от производителя | TECHNIX,"Линейный подшипник LME16-UU-OP (KBO1636PP) TECHNIX: купить у производителя по оптовым ценам в Санкт-Петербурге. 
Большой выбор промышленных комплектующих. ✔️ Гарантия качества. ✔️ Компания TECHNIX.",Линейный подшипник LME16-UU-OP (KBO1636PP) TECHNIX,200
https://technix-rus.ru/catalog/sistemy_lineynogo_peremeshcheniya/lineynye_podshipniki/lineynye_podshipniki_2/lineynyy_podshipnik_kh2030_pp_technix/,Линейный подшипник KH2030-PP TECHNIX купить в Санкт-Петербурге по оптовым ценам от производителя | TECHNIX,"Линейный подшипник KH2030-PP TECHNIX: купить у производителя по оптовым ценам в Санкт-Петербурге. 
Большой выбор промышленных комплектующих. ✔️ Гарантия качества. ✔️ Компания TECHNIX.",Линейный подшипник KH2030-PP TECHNIX,200
https://technix-rus.ru/catalog/sistemy_lineynogo_peremeshcheniya/lineynye_podshipniki/lineynye_podshipniki_2/lineynyy_podshipnik_lmek20_uu_kbk20pp_technix/,Линейный подшипник LMEK20-UU (KBK20PP) TECHNIX купить в Санкт-Петербурге по оптовым ценам от производителя | TECHNIX,"Линейный подшипник LMEK20-UU (KBK20PP) TECHNIX: купить у производителя по оптовым ценам в Санкт-Петербурге. 
Большой выбор промышленных комплектующих. ✔️ Гарантия качества. ✔️ Компания TECHNIX.",Линейный подшипник LMEK20-UU (KBK20PP) TECHNIX,200
https://technix-rus.ru/catalog/sistemy_lineynogo_peremeshcheniya/lineynye_podshipniki/lineynye_podshipniki_v_sbore_s_korpusom/lineynyy_podshipnik_v_sbore_s_korpusom_sbr50_uu_technix/,Линейный подшипник в сборе с корпусом SBR50-UU TECHNIX купить в Санкт-Петербурге по оптовым ценам от производителя | TECHNIX,"Линейный подшипник в сборе с корпусом SBR50-UU TECHNIX: купить у производителя по оптовым ценам в Санкт-Петербурге. 
Большой выбор промышленных комплектующих. ✔️ Гарантия качества. ✔️ Компания TECHNIX.",Линейный подшипник в сборе с корпусом SBR50-UU TECHNIX,200
https://technix-rus.ru/catalog/sistemy_lineynogo_peremeshcheniya/lineynye_podshipniki/lineynye_podshipniki_2/lineynyy_podshipnik_kh1428_pp_technix/,Линейный подшипник KH1428-PP TECHNIX купить в Санкт-Петербурге по оптовым ценам от производителя | TECHNIX,"Линейный подшипник KH1428-PP TECHNIX: купить у производителя по оптовым ценам в Санкт-Петербурге. 
Большой выбор промышленных комплектующих. ✔️ Гарантия качества. ✔️ Компания TECHNIX.",Линейный подшипник KH1428-PP TECHNIX,200
https://technix-rus.ru/catalog/sistemy_lineynogo_peremeshcheniya/lineynye_podshipniki/lineynye_podshipniki_v_sbore_s_korpusom/lineynyy_podshipnik_v_sbore_s_korpusom_scs40_uu_sc40uu_technix/,Линейный подшипник в сборе с корпусом SCS40-UU (SC40UU) TECHNIX купить в Санкт-Петербурге по оптовым ценам от производителя | TECHNIX,"Линейный подшипник в сборе с корпусом SCS40-UU (SC40UU) TECHNIX: купить у производителя по оптовым ценам в Санкт-Петербурге. 
Большой выбор промышленных комплектующих. ✔️ Гарантия качества. ✔️ Компания TECHNIX.",Линейный подшипник в сборе с корпусом SCS40-UU (SC40UU) TECHNIX,200
https://technix-rus.ru/catalog/sistemy_lineynogo_peremeshcheniya/valy/valy_3/val_pretsizionnyy_w20_technix/,Вал прецизионный W20 TECHNIX купить в Санкт-Петербурге по оптовым ценам от производителя | TECHNIX,"Вал прецизионный W20 TECHNIX: купить у производителя по оптовым ценам в Санкт-Петербурге. 
Большой выбор промышленных комплектующих. ✔️ Гарантия качества. ✔️ Компания TECHNIX.",Вал прецизионный W20 TECHNIX,200
https://technix-rus.ru/catalog/sistemy_lineynogo_peremeshcheniya/lineynye_podshipniki/lineynye_podshipniki_v_sbore_s_korpusom/lineynyy_podshipnik_v_sbore_s_korpusom_scs35_uu_sc35uu_technix/,Линейный подшипник в сборе с корпусом SCS35-UU (SC35UU) TECHNIX купить в Санкт-Петербурге по оптовым ценам от производителя | TECHNIX,"Линейный подшипник в сборе с корпусом SCS35-UU (SC35UU) TECHNIX: купить у производителя по оптовым ценам в Санкт-Петербурге. 
Большой выбор промышленных комплектующих. ✔️ Гарантия качества. ✔️ Компания TECHNIX.",Линейный подшипник в сборе с корпусом SCS35-UU (SC35UU) TECHNIX,200
https://technix-rus.ru/catalog/sistemy_lineynogo_peremeshcheniya/lineynye_podshipniki/lineynye_podshipniki_v_sbore_s_korpusom/lineynyy_podshipnik_v_sbore_s_korpusom_sbr40_uu_technix/,Линейный подшипник в сборе с корпусом SBR40-UU TECHNIX купить в Санкт-Петербурге по оптовым ценам от производителя | TECHNIX,"Линейный подшипник в сборе с корпусом SBR40-UU TECHNIX: купить у производителя по оптовым ценам в Санкт-Петербурге. 
Большой выбор промышленных комплектующих. ✔️ Гарантия качества. ✔️ Компания TECHNIX.",Линейный подшипник в сборе с корпусом SBR40-UU TECHNIX,200
https://technix-rus.ru/catalog/sistemy_lineynogo_peremeshcheniya/lineynye_podshipniki/lineynye_podshipniki_v_sbore_s_korpusom/lineynyy_podshipnik_v_sbore_s_korpusom_scs25_l_uu_technix/,Линейный подшипник в сборе с корпусом SCS25-L-UU TECHNIX купить в Санкт-Петербурге по оптовым ценам от производителя | TECHNIX,"Линейный подшипник в сборе с корпусом SCS25-L-UU TECHNIX: купить у производителя по оптовым ценам в Санкт-Петербурге. 
Большой выбор промышленных комплектующих. ✔️ Гарантия качества. ✔️ Компания TECHNIX.",Линейный подшипник в сборе с корпусом SCS25-L-UU TECHNIX,200
https://technix-rus.ru/catalog/sistemy_lineynogo_peremeshcheniya/valy/valy_s_oporoy/val_pretsizionnyy_s_oporoy_tbr25_technix/,Вал прецизионный с опорой TBR25  TECHNIX купить в Санкт-Петербурге по оптовым ценам от производителя | TECHNIX,"Вал прецизионный с опорой TBR25  TECHNIX: купить у производителя по оптовым ценам в Санкт-Петербурге. 
Большой выбор промышленных комплектующих. ✔️ Гарантия качества. ✔️ Компания TECHNIX.",Вал прецизионный с опорой TBR25  TECHNIX,200
https://technix-rus.ru/catalog/sistemy_lineynogo_peremeshcheniya/lineynye_podshipniki/lineynye_podshipniki_v_sbore_s_korpusom/lineynyy_podshipnik_v_sbore_s_korpusom_scs30_l_uu_technix/,Линейный подшипник в сборе с корпусом SCS30-L-UU TECHNIX купить в Санкт-Петербурге по оптовым ценам от производителя | TECHNIX,"Линейный подшипник в сборе с корпусом SCS30-L-UU TECHNIX: купить у производителя по оптовым ценам в Санкт-Петербурге. 
Большой выбор промышленных комплектующих. ✔️ Гарантия качества. ✔️ Компания TECHNIX.",Линейный подшипник в сборе с корпусом SCS30-L-UU TECHNIX,200
https://technix-rus.ru/catalog/sistemy_lineynogo_peremeshcheniya/lineynye_podshipniki/lineynye_podshipniki_v_sbore_s_korpusom/lineynyy_podshipnik_v_sbore_s_korpusom_sbr30_uu_technix/,Линейный подшипник в сборе с корпусом SBR30-UU TECHNIX купить в Санкт-Петербурге по оптовым ценам от производителя | TECHNIX,"Линейный подшипник в сборе с корпусом SBR30-UU TECHNIX: купить у производителя по оптовым ценам в Санкт-Петербурге. 
Большой выбор промышленных комплектующих. ✔️ Гарантия качества. ✔️ Компания TECHNIX.",Линейный подшипник в сборе с корпусом SBR30-UU TECHNIX,200
https://technix-rus.ru/catalog/sistemy_lineynogo_peremeshcheniya/lineynye_podshipniki/lineynye_podshipniki_2/lineynyy_podshipnik_lme12_uu_kb1232pp_technix/,Линейный подшипник LME12-UU (KB1232PP) TECHNIX купить в Санкт-Петербурге по оптовым ценам от производителя | TECHNIX,"Линейный подшипник LME12-UU (KB1232PP) TECHNIX: купить у производителя по оптовым ценам в Санкт-Петербурге. 
Большой выбор промышленных комплектующих. ✔️ Гарантия качества. ✔️ Компания TECHNIX.",Линейный подшипник LME12-UU (KB1232PP) TECHNIX,200
https://technix-rus.ru/catalog/sistemy_lineynogo_peremeshcheniya/lineynye_podshipniki/lineynye_podshipniki_v_sbore_s_korpusom/lineynyy_podshipnik_v_sbore_s_korpusom_tbr30_uu_technix/,Линейный подшипник в сборе с корпусом TBR30-UU TECHNIX купить в Санкт-Петербурге по оптовым ценам от производителя | TECHNIX,"Линейный подшипник в сборе с корпусом TBR30-UU TECHNIX: купить у производителя по оптовым ценам в Санкт-Петербурге. 
Большой выбор промышленных комплектующих. ✔️ Гарантия качества. ✔️ Компания TECHNIX.",Линейный подшипник в сборе с корпусом TBR30-UU TECHNIX,200
https://technix-rus.ru/catalog/sistemy_lineynogo_peremeshcheniya/lineynye_podshipniki/lineynye_podshipniki_v_sbore_s_korpusom/lineynyy_podshipnik_v_sbore_s_korpusom_scs10_uu_sc10uu_technix/,Линейный подшипник в сборе с корпусом SCS10-UU (SC10UU) TECHNIX купить в Санкт-Петербурге по оптовым ценам от производителя | TECHNIX,"Линейный подшипник в сборе с корпусом SCS10-UU (SC10UU) TECHNIX: купить у производителя по оптовым ценам в Санкт-Петербурге. 
Большой выбор промышленных комплектующих. ✔️ Гарантия качества. ✔️ Компания TECHNIX.",Линейный подшипник в сборе с корпусом SCS10-UU (SC10UU) TECHNIX,200
https://technix-rus.ru/catalog/sistemy_lineynogo_peremeshcheniya/valy/valy_3/val_pretsizionnyy_polyy_khromirovannyy_wvh16_technix/,Вал прецизионный полый хромированный WVH16 TECHNIX купить в Санкт-Петербурге по оптовым ценам от производителя | TECHNIX,"Вал прецизионный полый хромированный WVH16 TECHNIX: купить у производителя по оптовым ценам в Санкт-Петербурге. 
Большой выбор промышленных комплектующих. ✔️ Гарантия качества. ✔️ Компания TECHNIX.",Вал прецизионный полый хромированный WVH16 TECHNIX,200
https://technix-rus.ru/catalog/sistemy_lineynogo_peremeshcheniya/lineynye_podshipniki/lineynye_podshipniki_v_sbore_s_korpusom/lineynyy_podshipnik_v_sbore_s_korpusom_scs50_uu_sc50uu_technix/,Линейный подшипник в сборе с корпусом SCS50-UU (SC50UU) TECHNIX купить в Санкт-Петербурге по оптовым ценам от производителя | TECHNIX,"Линейный подшипник в сборе с корпусом SCS50-UU (SC50UU) TECHNIX: купить у производителя по оптовым ценам в Санкт-Петербурге. 
Большой выбор промышленных комплектующих. ✔️ Гарантия качества. ✔️ Компания TECHNIX.",Линейный подшипник в сборе с корпусом SCS50-UU (SC50UU) TECHNIX,200
https://technix-rus.ru/catalog/sistemy_lineynogo_peremeshcheniya/lineynye_podshipniki/lineynye_podshipniki_v_sbore_s_korpusom/lineynyy_podshipnik_v_sbore_s_korpusom_sbr25_uu_technix/,Линейный подшипник в сборе с корпусом SBR25-UU TECHNIX купить в Санкт-Петербурге по оптовым ценам от производителя | TECHNIX,"Линейный подшипник в сборе с корпусом SBR25-UU TECHNIX: купить у производителя по оптовым ценам в Санкт-Петербурге. 
Большой выбор промышленных комплектующих. ✔️ Гарантия качества. ✔️ Компания TECHNIX.",Линейный подшипник в сборе с корпусом SBR25-UU TECHNIX,200
https://technix-rus.ru/catalog/sistemy_lineynogo_peremeshcheniya/lineynye_podshipniki/lineynye_podshipniki_v_sbore_s_korpusom/lineynyy_podshipnik_v_sbore_s_korpusom_tbr16_uu_technix/,Линейный подшипник в сборе с корпусом TBR16-UU TECHNIX купить в Санкт-Петербурге по оптовым ценам от производителя | TECHNIX,"Линейный подшипник в сборе с корпусом TBR16-UU TECHNIX: купить у производителя по оптовым ценам в Санкт-Петербурге. 
Большой выбор промышленных комплектующих. ✔️ Гарантия качества. ✔️ Компания TECHNIX.",Линейный подшипник в сборе с корпусом TBR16-UU TECHNIX,200
https://technix-rus.ru/catalog/sistemy_lineynogo_peremeshcheniya/lineynye_podshipniki/lineynye_podshipniki_v_sbore_s_korpusom/lineynyy_podshipnik_v_sbore_s_korpusom_tbr20_uu_technix/,Линейный подшипник в сборе с корпусом TBR20-UU TECHNIX купить в Санкт-Петербурге по оптовым ценам от производителя | TECHNIX,"Линейный подшипник в сборе с корпусом TBR20-UU TECHNIX: купить у производителя по оптовым ценам в Санкт-Петербурге. 
Большой выбор промышленных комплектующих. ✔️ Гарантия качества. ✔️ Компания TECHNIX.",Линейный подшипник в сборе с корпусом TBR20-UU TECHNIX,200
https://technix-rus.ru/catalog/sistemy_lineynogo_peremeshcheniya/lineynye_podshipniki/lineynye_podshipniki_v_sbore_s_korpusom/lineynyy_podshipnik_v_sbore_s_korpusom_scs20_l_uu_technix/,Линейный подшипник в сборе с корпусом SCS20-L-UU TECHNIX купить в Санкт-Петербурге по оптовым ценам от производителя | TECHNIX,"Линейный подшипник в сборе с корпусом SCS20-L-UU TECHNIX: купить у производителя по оптовым ценам в Санкт-Петербурге. 
Большой выбор промышленных комплектующих. ✔️ Гарантия качества. ✔️ Компания TECHNIX.",Линейный подшипник в сборе с корпусом SCS20-L-UU TECHNIX,200
https://technix-rus.ru/catalog/sistemy_lineynogo_peremeshcheniya/lineynye_podshipniki/lineynye_podshipniki_v_sbore_s_korpusom/lineynyy_podshipnik_v_sbore_s_korpusom_scs16_uu_sc16uu_technix/,Линейный подшипник в сборе с корпусом SCS16-UU (SC16UU) TECHNIX купить в Санкт-Петербурге по оптовым ценам от производителя | TECHNIX,"Линейный подшипник в сборе с корпусом SCS16-UU (SC16UU) TECHNIX: купить у производителя по оптовым ценам в Санкт-Петербурге. 
Большой выбор промышленных комплектующих. ✔️ Гарантия качества. ✔️ Компания TECHNIX.",Линейный подшипник в сборе с корпусом SCS16-UU (SC16UU) TECHNIX,200
https://technix-rus.ru/catalog/sistemy_lineynogo_peremeshcheniya/lineynye_podshipniki/lineynye_podshipniki_v_sbore_s_korpusom/lineynyy_podshipnik_v_sbore_s_korpusom_scs25_uu_sc25uu_technix/,Линейный подшипник в сборе с корпусом SCS25-UU (SC25UU) TECHNIX купить в Санкт-Петербурге по оптовым ценам от производителя | TECHNIX,"Линейный подшипник в сборе с корпусом SCS25-UU (SC25UU) TECHNIX: купить у производителя по оптовым ценам в Санкт-Петербурге. 
Большой выбор промышленных комплектующих. ✔️ Гарантия качества. ✔️ Компания TECHNIX.",Линейный подшипник в сборе с корпусом SCS25-UU (SC25UU) TECHNIX,200
https://technix-rus.ru/catalog/sistemy_lineynogo_peremeshcheniya/lineynye_podshipniki/lineynye_podshipniki_v_sbore_s_korpusom/lineynyy_podshipnik_v_sbore_s_korpusom_scs12_l_uu_technix/,Линейный подшипник в сборе с корпусом SCS12-L-UU TECHNIX купить в Санкт-Петербурге по оптовым ценам от производителя | TECHNIX,"Линейный подшипник в сборе с корпусом SCS12-L-UU TECHNIX: купить у производителя по оптовым ценам в Санкт-Петербурге. 
Большой выбор промышленных комплектующих. ✔️ Гарантия качества. ✔️ Компания TECHNIX.",Линейный подшипник в сборе с корпусом SCS12-L-UU TECHNIX,200
https://technix-rus.ru/catalog/sistemy_lineynogo_peremeshcheniya/lineynye_podshipniki/lineynye_podshipniki_v_sbore_s_korpusom/lineynyy_podshipnik_v_sbore_s_korpusom_scs20_uu_sc20uu_technix/,Линейный подшипник в сборе с корпусом SCS20-UU (SC20UU) TECHNIX купить в Санкт-Петербурге по оптовым ценам от производителя | TECHNIX,"Линейный подшипник в сборе с корпусом SCS20-UU (SC20UU) TECHNIX: купить у производителя по оптовым ценам в Санкт-Петербурге. 
Большой выбор промышленных комплектующих. ✔️ Гарантия качества. ✔️ Компания TECHNIX.",Линейный подшипник в сборе с корпусом SCS20-UU (SC20UU) TECHNIX,200
https://technix-rus.ru/catalog/sistemy_lineynogo_peremeshcheniya/lineynye_podshipniki/lineynye_podshipniki_v_sbore_s_korpusom/lineynyy_podshipnik_v_sbore_s_korpusom_sbr20_uu_technix/,Линейный подшипник в сборе с корпусом SBR20-UU TECHNIX купить в Санкт-Петербурге по оптовым ценам от производителя | TECHNIX,"Линейный подшипник в сборе с корпусом SBR20-UU TECHNIX: купить у производителя по оптовым ценам в Санкт-Петербурге. 
Большой выбор промышленных комплектующих. ✔️ Гарантия качества. ✔️ Компания TECHNIX.",Линейный подшипник в сборе с корпусом SBR20-UU TECHNIX,200
https://technix-rus.ru/catalog/sistemy_lineynogo_peremeshcheniya/karetki/gofrozashchita_dlya_relsovykh_napravlyayushchikh/gofrozashchita_tnx_r20_1000_technix/,Гофрозащита TNX-R20-1000 TECHNIX купить в Санкт-Петербурге по оптовым ценам от производителя | TECHNIX,"Гофрозащита TNX-R20-1000 TECHNIX: купить у производителя по оптовым ценам в Санкт-Петербурге. 
Большой выбор промышленных комплектующих. ✔️ Гарантия качества. ✔️ Компания TECHNIX.",Гофрозащита TNX-R20-1000 TECHNIX,200
https://technix-rus.ru/catalog/sistemy_lineynogo_peremeshcheniya/lineynye_podshipniki/lineynye_podshipniki_v_sbore_s_korpusom/lineynyy_podshipnik_v_sbore_s_korpusom_scs12_uu_sc12uu_technix/,Линейный подшипник в сборе с корпусом SCS12-UU (SC12UU) TECHNIX купить в Санкт-Петербурге по оптовым ценам от производителя | TECHNIX,"Линейный подшипник в сборе с корпусом SCS12-UU (SC12UU) TECHNIX: купить у производителя по оптовым ценам в Санкт-Петербурге. 
Большой выбор промышленных комплектующих. ✔️ Гарантия качества. ✔️ Компания TECHNIX.",Линейный подшипник в сборе с корпусом SCS12-UU (SC12UU) TECHNIX,200
https://technix-rus.ru/catalog/sistemy_lineynogo_peremeshcheniya/karetki/gofrozashchita_dlya_relsovykh_napravlyayushchikh/gofrozashchita_tnx_r30_400_technix/,Гофрозащита TNX-R30-400 TECHNIX купить в Санкт-Петербурге по оптовым ценам от производителя | TECHNIX,"Гофрозащита TNX-R30-400 TECHNIX: купить у производителя по оптовым ценам в Санкт-Петербурге. 
Большой выбор промышленных комплектующих. ✔️ Гарантия качества. ✔️ Компания TECHNIX.",Гофрозащита TNX-R30-400 TECHNIX,200
https://technix-rus.ru/catalog/sistemy_lineynogo_peremeshcheniya/karetki/gofrozashchita_dlya_relsovykh_napravlyayushchikh/gofrozashchita_tnx_r35_5000_technix/,Гофрозащита TNX-R35-5000 TECHNIX купить в Санкт-Петербурге по оптовым ценам от производителя | TECHNIX,"Гофрозащита TNX-R35-5000 TECHNIX: купить у производителя по оптовым ценам в Санкт-Петербурге. 
Большой выбор промышленных комплектующих. ✔️ Гарантия качества. ✔️ Компания TECHNIX.",Гофрозащита TNX-R35-5000 TECHNIX,200
https://technix-rus.ru/catalog/sistemy_lineynogo_peremeshcheniya/karetki/gofrozashchita_dlya_relsovykh_napravlyayushchikh/gofrozashchita_tnx_r45_1000_technix/,Гофрозащита TNX-R45-1000 TECHNIX купить в Санкт-Петербурге по оптовым ценам от производителя | TECHNIX,"Гофрозащита TNX-R45-1000 TECHNIX: купить у производителя по оптовым ценам в Санкт-Петербурге. 
Большой выбор промышленных комплектующих. ✔️ Гарантия качества. ✔️ Компания TECHNIX.",Гофрозащита TNX-R45-1000 TECHNIX,200
https://technix-rus.ru/catalog/sistemy_lineynogo_peremeshcheniya/karetki/gofrozashchita_dlya_relsovykh_napravlyayushchikh/gofrozashchita_tnx_r15_100_technix/,Гофрозащита TNX-R15-100 TECHNIX купить в Санкт-Петербурге по оптовым ценам от производителя | TECHNIX,"Гофрозащита TNX-R15-100 TECHNIX: купить у производителя по оптовым ценам в Санкт-Петербурге. 
Большой выбор промышленных комплектующих. ✔️ Гарантия качества. ✔️ Компания TECHNIX.",Гофрозащита TNX-R15-100 TECHNIX,200
https://technix-rus.ru/catalog/sistemy_lineynogo_peremeshcheniya/lineynye_podshipniki/lineynye_podshipniki_v_sbore_s_korpusom/lineynyy_podshipnik_v_sbore_s_korpusom_tbr25_uu_technix/,Линейный подшипник в сборе с корпусом TBR25-UU TECHNIX купить в Санкт-Петербурге по оптовым ценам от производителя | TECHNIX,"Линейный подшипник в сборе с корпусом TBR25-UU TECHNIX: купить у производителя по оптовым ценам в Санкт-Петербурге. 
Большой выбор промышленных комплектующих. ✔️ Гарантия качества. ✔️ Компания TECHNIX.",Линейный подшипник в сборе с корпусом TBR25-UU TECHNIX,200
https://technix-rus.ru/catalog/sistemy_lineynogo_peremeshcheniya/lineynye_podshipniki/lineynye_podshipniki_2/lineynyy_podshipnik_lm8_uu_technix/,Линейный подшипник LM8-UU TECHNIX купить в Санкт-Петербурге по оптовым ценам от производителя | TECHNIX,"Линейный подшипник LM8-UU TECHNIX: купить у производителя по оптовым ценам в Санкт-Петербурге. 
Большой выбор промышленных комплектующих. ✔️ Гарантия качества. ✔️ Компания TECHNIX.",Линейный подшипник LM8-UU TECHNIX,200
https://technix-rus.ru/catalog/sistemy_lineynogo_peremeshcheniya/karetki/gofrozashchita_dlya_relsovykh_napravlyayushchikh/gofrozashchita_tnx_r30_300_technix/,Гофрозащита TNX-R30-300 TECHNIX купить в Санкт-Петербурге по оптовым ценам от производителя | TECHNIX,"Гофрозащита TNX-R30-300 TECHNIX: купить у производителя по оптовым ценам в Санкт-Петербурге. 
Большой выбор промышленных комплектующих. ✔️ Гарантия качества. ✔️ Компания TECHNIX.",Гофрозащита TNX-R30-300 TECHNIX,200
https://technix-rus.ru/catalog/sistemy_lineynogo_peremeshcheniya/karetki/gofrozashchita_dlya_relsovykh_napravlyayushchikh/gofrozashchita_tnx_r20_100_technix/,Гофрозащита TNX-R20-100 TECHNIX купить в Санкт-Петербурге по оптовым ценам от производителя | TECHNIX,"Гофрозащита TNX-R20-100 TECHNIX: купить у производителя по оптовым ценам в Санкт-Петербурге. 
Большой выбор промышленных комплектующих. ✔️ Гарантия качества. ✔️ Компания TECHNIX.",Гофрозащита TNX-R20-100 TECHNIX,200
https://technix-rus.ru/catalog/sistemy_lineynogo_peremeshcheniya/karetki/gofrozashchita_dlya_relsovykh_napravlyayushchikh/gofrozashchita_tnx_r15_200_technix/,Гофрозащита TNX-R15-200 TECHNIX купить в Санкт-Петербурге по оптовым ценам от производителя | TECHNIX,"Гофрозащита TNX-R15-200 TECHNIX: купить у производителя по оптовым ценам в Санкт-Петербурге. 
Большой выбор промышленных комплектующих. ✔️ Гарантия качества. ✔️ Компания TECHNIX.",Гофрозащита TNX-R15-200 TECHNIX,200
https://technix-rus.ru/catalog/sistemy_lineynogo_peremeshcheniya/karetki/gofrozashchita_dlya_relsovykh_napravlyayushchikh/gofrozashchita_tnx_r15_800_technix/,Гофрозащита TNX-R15-800 TECHNIX купить в Санкт-Петербурге по оптовым ценам от производителя | TECHNIX,"Гофрозащита TNX-R15-800 TECHNIX: купить у производителя по оптовым ценам в Санкт-Петербурге. 
Большой выбор промышленных комплектующих. ✔️ Гарантия качества. ✔️ Компания TECHNIX.",Гофрозащита TNX-R15-800 TECHNIX,200
https://technix-rus.ru/catalog/sistemy_lineynogo_peremeshcheniya/lineynye_podshipniki/lineynye_podshipniki_v_sbore_s_korpusom/lineynyy_podshipnik_v_sbore_s_korpusom_sbr16_uu_technix/,Линейный подшипник в сборе с корпусом SBR16-UU TECHNIX купить в Санкт-Петербурге по оптовым ценам от производителя | TECHNIX,"Линейный подшипник в сборе с корпусом SBR16-UU TECHNIX: купить у производителя по оптовым ценам в Санкт-Петербурге. 
Большой выбор промышленных комплектующих. ✔️ Гарантия качества. ✔️ Компания TECHNIX.",Линейный подшипник в сборе с корпусом SBR16-UU TECHNIX,200
https://technix-rus.ru/catalog/sistemy_lineynogo_peremeshcheniya/lineynye_podshipniki/lineynye_podshipniki_v_sbore_s_korpusom/lineynyy_podshipnik_v_sbore_s_korpusom_scs16_l_uu_technix/,Линейный подшипник в сборе с корпусом SCS16-L-UU TECHNIX купить в Санкт-Петербурге по оптовым ценам от производителя | TECHNIX,"Линейный подшипник в сборе с корпусом SCS16-L-UU TECHNIX: купить у производителя по оптовым ценам в Санкт-Петербурге. 
Большой выбор промышленных комплектующих. ✔️ Гарантия качества. ✔️ Компания TECHNIX.",Линейный подшипник в сборе с корпусом SCS16-L-UU TECHNIX,200
https://technix-rus.ru/catalog/sistemy_lineynogo_peremeshcheniya/karetki/gofrozashchita_dlya_relsovykh_napravlyayushchikh/gofrozashchita_tnx_r20_800_technix/,Гофрозащита TNX-R20-800 TECHNIX купить в Санкт-Петербурге по оптовым ценам от производителя | TECHNIX,"Гофрозащита TNX-R20-800 TECHNIX: купить у производителя по оптовым ценам в Санкт-Петербурге. 
Большой выбор промышленных комплектующих. ✔️ Гарантия качества. ✔️ Компания TECHNIX.",Гофрозащита TNX-R20-800 TECHNIX,200
https://technix-rus.ru/catalog/sistemy_lineynogo_peremeshcheniya/karetki/gofrozashchita_dlya_relsovykh_napravlyayushchikh/gofrozashchita_tnx_r20_200_technix/,Гофрозащита TNX-R20-200 TECHNIX купить в Санкт-Петербурге по оптовым ценам от производителя | TECHNIX,"Гофрозащита TNX-R20-200 TECHNIX: купить у производителя по оптовым ценам в Санкт-Петербурге. 
Большой выбор промышленных комплектующих. ✔️ Гарантия качества. ✔️ Компания TECHNIX.",Гофрозащита TNX-R20-200 TECHNIX,200
https://technix-rus.ru/catalog/sistemy_lineynogo_peremeshcheniya/karetki/gofrozashchita_dlya_relsovykh_napravlyayushchikh/gofrozashchita_tnx_r25_100_technix/,Гофрозащита TNX-R25-100 TECHNIX купить в Санкт-Петербурге по оптовым ценам от производителя | TECHNIX,"Гофрозащита TNX-R25-100 TECHNIX: купить у производителя по оптовым ценам в Санкт-Петербурге. 
Большой выбор промышленных комплектующих. ✔️ Гарантия качества. ✔️ Компания TECHNIX.",Гофрозащита TNX-R25-100 TECHNIX,200
https://technix-rus.ru/catalog/sistemy_lineynogo_peremeshcheniya/karetki/gofrozashchita_dlya_relsovykh_napravlyayushchikh/gofrozashchita_tnx_r25_600_technix/,Гофрозащита TNX-R25-600 TECHNIX купить в Санкт-Петербурге по оптовым ценам от производителя | TECHNIX,"Гофрозащита TNX-R25-600 TECHNIX: купить у производителя по оптовым ценам в Санкт-Петербурге. 
Большой выбор промышленных комплектующих. ✔️ Гарантия качества. ✔️ Компания TECHNIX.",Гофрозащита TNX-R25-600 TECHNIX,200
https://technix-rus.ru/catalog/sistemy_lineynogo_peremeshcheniya/karetki/gofrozashchita_dlya_relsovykh_napravlyayushchikh/gofrozashchita_tnx_r25_800_technix/,Гофрозащита TNX-R25-800 TECHNIX купить в Санкт-Петербурге по оптовым ценам от производителя | TECHNIX,"Гофрозащита TNX-R25-800 TECHNIX: купить у производителя по оптовым ценам в Санкт-Петербурге. 
Большой выбор промышленных комплектующих. ✔️ Гарантия качества. ✔️ Компания TECHNIX.",Гофрозащита TNX-R25-800 TECHNIX,200
https://technix-rus.ru/catalog/sistemy_lineynogo_peremeshcheniya/karetki/gofrozashchita_dlya_relsovykh_napravlyayushchikh/gofrozashchita_tnx_r30_200_technix/,Гофрозащита TNX-R30-200 TECHNIX купить в Санкт-Петербурге по оптовым ценам от производителя | TECHNIX,"Гофрозащита TNX-R30-200 TECHNIX: купить у производителя по оптовым ценам в Санкт-Петербурге. 
Большой выбор промышленных комплектующих. ✔️ Гарантия качества. ✔️ Компания TECHNIX.",Гофрозащита TNX-R30-200 TECHNIX,200
https://technix-rus.ru/catalog/sistemy_lineynogo_peremeshcheniya/karetki/gofrozashchita_dlya_relsovykh_napravlyayushchikh/gofrozashchita_tnx_r30_100_technix/,Гофрозащита TNX-R30-100 TECHNIX купить в Санкт-Петербурге по оптовым ценам от производителя | TECHNIX,"Гофрозащита TNX-R30-100 TECHNIX: купить у производителя по оптовым ценам в Санкт-Петербурге. 
Большой выбор промышленных комплектующих. ✔️ Гарантия качества. ✔️ Компания TECHNIX.",Гофрозащита TNX-R30-100 TECHNIX,200
https://technix-rus.ru/catalog/sistemy_lineynogo_peremeshcheniya/lineynye_podshipniki/lineynye_podshipniki_v_sbore_s_korpusom/lineynyy_podshipnik_v_sbore_s_korpusom_scs30_uu_sc30uu_technix/,Линейный подшипник в сборе с корпусом SCS30-UU (SC30UU) TECHNIX купить в Санкт-Петербурге по оптовым ценам от производителя | TECHNIX,"Линейный подшипник в сборе с корпусом SCS30-UU (SC30UU) TECHNIX: купить у производителя по оптовым ценам в Санкт-Петербурге. 
Большой выбор промышленных комплектующих. ✔️ Гарантия качества. ✔️ Компания TECHNIX.",Линейный подшипник в сборе с корпусом SCS30-UU (SC30UU) TECHNIX,200
https://technix-rus.ru/catalog/sistemy_lineynogo_peremeshcheniya/karetki/gofrozashchita_dlya_relsovykh_napravlyayushchikh/gofrozashchita_tnx_r25_200_technix/,Гофрозащита TNX-R25-200 TECHNIX купить в Санкт-Петербурге по оптовым ценам от производителя | TECHNIX,"Гофрозащита TNX-R25-200 TECHNIX: купить у производителя по оптовым ценам в Санкт-Петербурге. 
Большой выбор промышленных комплектующих. ✔️ Гарантия качества. ✔️ Компания TECHNIX.",Гофрозащита TNX-R25-200 TECHNIX,200
https://technix-rus.ru/catalog/sistemy_lineynogo_peremeshcheniya/karetki/gofrozashchita_dlya_relsovykh_napravlyayushchikh/gofrozashchita_tnx_r30_1000_technix/,Гофрозащита TNX-R30-1000 TECHNIX купить в Санкт-Петербурге по оптовым ценам от производителя | TECHNIX,"Гофрозащита TNX-R30-1000 TECHNIX: купить у производителя по оптовым ценам в Санкт-Петербурге. 
Большой выбор промышленных комплектующих. ✔️ Гарантия качества. ✔️ Компания TECHNIX.",Гофрозащита TNX-R30-1000 TECHNIX,200
https://technix-rus.ru/catalog/sistemy_lineynogo_peremeshcheniya/karetki/gofrozashchita_dlya_relsovykh_napravlyayushchikh/gofrozashchita_tnx_r30_800_technix/,Гофрозащита TNX-R30-800 TECHNIX купить в Санкт-Петербурге по оптовым ценам от производителя | TECHNIX,"Гофрозащита TNX-R30-800 TECHNIX: купить у производителя по оптовым ценам в Санкт-Петербурге. 
Большой выбор промышленных комплектующих. ✔️ Гарантия качества. ✔️ Компания TECHNIX.",Гофрозащита TNX-R30-800 TECHNIX,200
https://technix-rus.ru/catalog/sistemy_lineynogo_peremeshcheniya/karetki/gofrozashchita_dlya_relsovykh_napravlyayushchikh/gofrozashchita_tnx_r25_1000_technix/,Гофрозащита TNX-R25-1000 TECHNIX купить в Санкт-Петербурге по оптовым ценам от производителя | TECHNIX,"Гофрозащита TNX-R25-1000 TECHNIX: купить у производителя по оптовым ценам в Санкт-Петербурге. 
Большой выбор промышленных комплектующих. ✔️ Гарантия качества. ✔️ Компания TECHNIX.",Гофрозащита TNX-R25-1000 TECHNIX,200
https://technix-rus.ru/catalog/sistemy_lineynogo_peremeshcheniya/karetki/gofrozashchita_dlya_relsovykh_napravlyayushchikh/gofrozashchita_tnx_r15_250_technix/,Гофрозащита TNX-R15-250 TECHNIX купить в Санкт-Петербурге по оптовым ценам от производителя | TECHNIX,"Гофрозащита TNX-R15-250 TECHNIX: купить у производителя по оптовым ценам в Санкт-Петербурге. 
Большой выбор промышленных комплектующих. ✔️ Гарантия качества. ✔️ Компания TECHNIX.",Гофрозащита TNX-R15-250 TECHNIX,200
https://technix-rus.ru/catalog/sistemy_lineynogo_peremeshcheniya/karetki/gofrozashchita_dlya_relsovykh_napravlyayushchikh/gofrozashchita_tnx_r15_300_technix/,Гофрозащита TNX-R15-300 TECHNIX купить в Санкт-Петербурге по оптовым ценам от производителя | TECHNIX,"Гофрозащита TNX-R15-300 TECHNIX: купить у производителя по оптовым ценам в Санкт-Петербурге. 
Большой выбор промышленных комплектующих. ✔️ Гарантия качества. ✔️ Компания TECHNIX.",Гофрозащита TNX-R15-300 TECHNIX,200
https://technix-rus.ru/catalog/sistemy_lineynogo_peremeshcheniya/karetki/gofrozashchita_dlya_relsovykh_napravlyayushchikh/gofrozashchita_tnx_r25_250_technix/,Гофрозащита TNX-R25-250 TECHNIX купить в Санкт-Петербурге по оптовым ценам от производителя | TECHNIX,"Гофрозащита TNX-R25-250 TECHNIX: купить у производителя по оптовым ценам в Санкт-Петербурге. 
Большой выбор промышленных комплектующих. ✔️ Гарантия качества. ✔️ Компания TECHNIX.",Гофрозащита TNX-R25-250 TECHNIX,200
https://technix-rus.ru/catalog/sistemy_lineynogo_peremeshcheniya/karetki/gofrozashchita_dlya_relsovykh_napravlyayushchikh/gofrozashchita_tnx_r25_400_technix/,Гофрозащита TNX-R25-400 TECHNIX купить в Санкт-Петербурге по оптовым ценам от производителя | TECHNIX,"Гофрозащита TNX-R25-400 TECHNIX: купить у производителя по оптовым ценам в Санкт-Петербурге. 
Большой выбор промышленных комплектующих. ✔️ Гарантия качества. ✔️ Компания TECHNIX.",Гофрозащита TNX-R25-400 TECHNIX,200
https://technix-rus.ru/catalog/sistemy_lineynogo_peremeshcheniya/karetki/gofrozashchita_dlya_relsovykh_napravlyayushchikh/gofrozashchita_tnx_r15_400_technix/,Гофрозащита TNX-R15-400 TECHNIX купить в Санкт-Петербурге по оптовым ценам от производителя | TECHNIX,"Гофрозащита TNX-R15-400 TECHNIX: купить у производителя по оптовым ценам в Санкт-Петербурге. 
Большой выбор промышленных комплектующих. ✔️ Гарантия качества. ✔️ Компания TECHNIX.",Гофрозащита TNX-R15-400 TECHNIX,200
https://technix-rus.ru/catalog/sistemy_lineynogo_peremeshcheniya/karetki/gofrozashchita_dlya_relsovykh_napravlyayushchikh/gofrozashchita_tnx_r15_600_technix/,Гофрозащита TNX-R15-600 TECHNIX купить в Санкт-Петербурге по оптовым ценам от производителя | TECHNIX,"Гофрозащита TNX-R15-600 TECHNIX: купить у производителя по оптовым ценам в Санкт-Петербурге. 
Большой выбор промышленных комплектующих. ✔️ Гарантия качества. ✔️ Компания TECHNIX.",Гофрозащита TNX-R15-600 TECHNIX,200
https://technix-rus.ru/catalog/sistemy_lineynogo_peremeshcheniya/karetki/uplotneniya_i_skrebki/uplotnenie_hgw20hczz_hcw20hczz_kit_technix/,Уплотнение HGW20HCZZ (HCW20HCZZ) KIT TECHNIX купить в Санкт-Петербурге по оптовым ценам от производителя | TECHNIX,"Уплотнение HGW20HCZZ (HCW20HCZZ) KIT TECHNIX: купить у производителя по оптовым ценам в Санкт-Петербурге. 
Большой выбор промышленных комплектующих. ✔️ Гарантия качества. ✔️ Компания TECHNIX.",Уплотнение HGW20HCZZ (HCW20HCZZ) KIT TECHNIX,200
https://technix-rus.ru/catalog/sistemy_lineynogo_peremeshcheniya/karetki/uplotneniya_i_skrebki/uplotnenie_hgw25hczz_hcw25hczz_kit_technix/,Уплотнение HGW25HCZZ (HCW25HCZZ) KIT TECHNIX купить в Санкт-Петербурге по оптовым ценам от производителя | TECHNIX,"Уплотнение HGW25HCZZ (HCW25HCZZ) KIT TECHNIX: купить у производителя по оптовым ценам в Санкт-Петербурге. 
Большой выбор промышленных комплектующих. ✔️ Гарантия качества. ✔️ Компания TECHNIX.",Уплотнение HGW25HCZZ (HCW25HCZZ) KIT TECHNIX,200
https://technix-rus.ru/catalog/sistemy_lineynogo_peremeshcheniya/karetki/uplotneniya_i_skrebki/uplotnenie_hgw45cczz_hcw45cczz_kit_technix/,Уплотнение HGW45CCZZ (HCW45CCZZ) KIT TECHNIX купить в Санкт-Петербурге по оптовым ценам от производителя | TECHNIX,"Уплотнение HGW45CCZZ (HCW45CCZZ) KIT TECHNIX: купить у производителя по оптовым ценам в Санкт-Петербурге. 
Большой выбор промышленных комплектующих. ✔️ Гарантия качества. ✔️ Компания TECHNIX.",Уплотнение HGW45CCZZ (HCW45CCZZ) KIT TECHNIX,200
https://technix-rus.ru/catalog/sistemy_lineynogo_peremeshcheniya/karetki/uplotneniya_i_skrebki/uplotnenie_hgw30hczz_hcw30hczz_kit_technix/,Уплотнение HGW30HCZZ (HCW30HCZZ) KIT TECHNIX купить в Санкт-Петербурге по оптовым ценам от производителя | TECHNIX,"Уплотнение HGW30HCZZ (HCW30HCZZ) KIT TECHNIX: купить у производителя по оптовым ценам в Санкт-Петербурге. 
Большой выбор промышленных комплектующих. ✔️ Гарантия качества. ✔️ Компания TECHNIX.",Уплотнение HGW30HCZZ (HCW30HCZZ) KIT TECHNIX,200
https://technix-rus.ru/catalog/sistemy_lineynogo_peremeshcheniya/karetki/uplotneniya_i_skrebki/uplotnenie_hgw25cczz_hcw25cczz_kit_technix/,Уплотнение HGW25CCZZ (HCW25CCZZ) KIT TECHNIX купить в Санкт-Петербурге по оптовым ценам от производителя | TECHNIX,"Уплотнение HGW25CCZZ (HCW25CCZZ) KIT TECHNIX: купить у производителя по оптовым ценам в Санкт-Петербурге. 
Большой выбор промышленных комплектующих. ✔️ Гарантия качества. ✔️ Компания TECHNIX.",Уплотнение HGW25CCZZ (HCW25CCZZ) KIT TECHNIX,200
https://technix-rus.ru/catalog/sistemy_lineynogo_peremeshcheniya/karetki/uplotneniya_i_skrebki/uplotnenie_hgw20cczz_hcw20cczz_kit_technix/,Уплотнение HGW20CCZZ (HCW20CCZZ) KIT TECHNIX купить в Санкт-Петербурге по оптовым ценам от производителя | TECHNIX,"Уплотнение HGW20CCZZ (HCW20CCZZ) KIT TECHNIX: купить у производителя по оптовым ценам в Санкт-Петербурге. 
Большой выбор промышленных комплектующих. ✔️ Гарантия качества. ✔️ Компания TECHNIX.",Уплотнение HGW20CCZZ (HCW20CCZZ) KIT TECHNIX,200
https://technix-rus.ru/catalog/sistemy_lineynogo_peremeshcheniya/karetki/uplotneniya_i_skrebki/uplotnenie_hgh25cazz_hch25cazz_kit_technix/,Уплотнение HGH25CAZZ (HCH25CAZZ) KIT TECHNIX купить в Санкт-Петербурге по оптовым ценам от производителя | TECHNIX,"Уплотнение HGH25CAZZ (HCH25CAZZ) KIT TECHNIX: купить у производителя по оптовым ценам в Санкт-Петербурге. 
Большой выбор промышленных комплектующих. ✔️ Гарантия качества. ✔️ Компания TECHNIX.",Уплотнение HGH25CAZZ (HCH25CAZZ) KIT TECHNIX,200
https://technix-rus.ru/catalog/sistemy_lineynogo_peremeshcheniya/karetki/uplotneniya_i_skrebki/uplotnenie_hgw15cczz_hcw15cczz_kit_technix/,Уплотнение HGW15CCZZ (HCW15CCZZ) KIT TECHNIX купить в Санкт-Петербурге по оптовым ценам от производителя | TECHNIX,"Уплотнение HGW15CCZZ (HCW15CCZZ) KIT TECHNIX: купить у производителя по оптовым ценам в Санкт-Петербурге. 
Большой выбор промышленных комплектующих. ✔️ Гарантия качества. ✔️ Компания TECHNIX.",Уплотнение HGW15CCZZ (HCW15CCZZ) KIT TECHNIX,200
https://technix-rus.ru/catalog/sistemy_lineynogo_peremeshcheniya/karetki/uplotneniya_i_skrebki/uplotnenie_hgh20cazz_hch20cazz_kit_technix/,Уплотнение HGH20CAZZ (HCH20CAZZ) KIT TECHNIX купить в Санкт-Петербурге по оптовым ценам от производителя | TECHNIX,"Уплотнение HGH20CAZZ (HCH20CAZZ) KIT TECHNIX: купить у производителя по оптовым ценам в Санкт-Петербурге. 
Большой выбор промышленных комплектующих. ✔️ Гарантия качества. ✔️ Компания TECHNIX.",Уплотнение HGH20CAZZ (HCH20CAZZ) KIT TECHNIX,200
https://technix-rus.ru/catalog/sistemy_lineynogo_peremeshcheniya/karetki/uplotneniya_i_skrebki/uplotnenie_hgh35cazz_hch35cazz_kit_technix/,Уплотнение HGH35CAZZ (HCH35CAZZ) KIT TECHNIX купить в Санкт-Петербурге по оптовым ценам от производителя | TECHNIX,"Уплотнение HGH35CAZZ (HCH35CAZZ) KIT TECHNIX: купить у производителя по оптовым ценам в Санкт-Петербурге. 
Большой выбор промышленных комплектующих. ✔️ Гарантия качества. ✔️ Компания TECHNIX.",Уплотнение HGH35CAZZ (HCH35CAZZ) KIT TECHNIX,200
https://technix-rus.ru/catalog/sistemy_lineynogo_peremeshcheniya/karetki/uplotneniya_i_skrebki/uplotnenie_hgw35cczz_hcw35cczz_kit_technix/,Уплотнение HGW35CCZZ (HCW35CCZZ) KIT TECHNIX купить в Санкт-Петербурге по оптовым ценам от производителя | TECHNIX,"Уплотнение HGW35CCZZ (HCW35CCZZ) KIT TECHNIX: купить у производителя по оптовым ценам в Санкт-Петербурге. 
Большой выбор промышленных комплектующих. ✔️ Гарантия качества. ✔️ Компания TECHNIX.",Уплотнение HGW35CCZZ (HCW35CCZZ) KIT TECHNIX,200
https://technix-rus.ru/catalog/sistemy_lineynogo_peremeshcheniya/karetki/uplotneniya_i_skrebki/uplotnenie_hgw30cczz_hcw30cczz_kit_technix/,Уплотнение HGW30CCZZ (HCW30CCZZ) KIT TECHNIX купить в Санкт-Петербурге по оптовым ценам от производителя | TECHNIX,"Уплотнение HGW30CCZZ (HCW30CCZZ) KIT TECHNIX: купить у производителя по оптовым ценам в Санкт-Петербурге. 
Большой выбор промышленных комплектующих. ✔️ Гарантия качества. ✔️ Компания TECHNIX.",Уплотнение HGW30CCZZ (HCW30CCZZ) KIT TECHNIX,200
https://technix-rus.ru/catalog/sistemy_lineynogo_peremeshcheniya/karetki/uplotneniya_i_skrebki/uplotnenie_hgw35hczz_hcw35hczz_kit_technix/,Уплотнение HGW35HCZZ (HCW35HCZZ) KIT TECHNIX купить в Санкт-Петербурге по оптовым ценам от производителя | TECHNIX,"Уплотнение HGW35HCZZ (HCW35HCZZ) KIT TECHNIX: купить у производителя по оптовым ценам в Санкт-Петербурге. 
Большой выбор промышленных комплектующих. ✔️ Гарантия качества. ✔️ Компания TECHNIX.",Уплотнение HGW35HCZZ (HCW35HCZZ) KIT TECHNIX,200
https://technix-rus.ru/company/solutions/otraslevye-resheniya-dlya-derevoobrabatyvayushchej-i-cellyulozno-bumazhnoj-promyshlennosti/,Отраслевые решения для деревообрабатывающей и целлюлозно-бумажной промышленности от компании TECHNIX,"Отраслевые решения для деревообрабатывающей и целлюлозно-бумажной промышленности Technix. Звёздочки, зубчатые колёса, соединительные муфты, ШВП, подшипники. Собственное производство. доставка по РФ. +7 (812) 490-76-70",Отраслевые решения для деревообрабатывающей и целлюлозно-бумажной промышленности,200
https://technix-rus.ru/catalog/sistemy_lineynogo_peremeshcheniya/karetki/gofrozashchita_dlya_relsovykh_napravlyayushchikh/gofrozashchita_tnx_r20_250_technix/,Гофрозащита TNX-R20-250 TECHNIX купить в Санкт-Петербурге по оптовым ценам от производителя | TECHNIX,"Гофрозащита TNX-R20-250 TECHNIX: купить у производителя по оптовым ценам в Санкт-Петербурге. 
Большой выбор промышленных комплектующих. ✔️ Гарантия качества. ✔️ Компания TECHNIX.",Гофрозащита TNX-R20-250 TECHNIX,200
https://technix-rus.ru/vacancies/,Вакансии | TECHNIX,"Ищем специалистов в нашу команду. Узнайте о текущих вакансиях. 
Отличные условия труда и возможности для роста – компания TECHNIX.",Вакансии,200
https://technix-rus.ru/company/solutions/otraslevye-resheniya-dlya-legkoj-promyshlennosti/,Отраслевые решения для легкой промышленности от компании TECHNIX,"Отраслевые решения для легкой промышленности Technix. Звёздочки, зубчатые колёса, соединительные муфты, ШВП, подшипники. Собственное производство. доставка по РФ. +7 (812) 490-76-69",Отраслевые решения для легкой промышленности,200
https://technix-rus.ru/info/news/novinka-ot-technix-oporno-povorotnye-ustroystva/,Новинка от TECHNIX! Опорно-поворотные устройства. Производитель Technix!,"Новинка от TECHNIX! Опорно-поворотные устройства. Производитель Technix - подшипниковые узлы, разъемные корпуса,трапецеидальные гайки и винты. Доставка по РФ.",Новинка от TECHNIX! Опорно-поворотные устройства,200
https://technix-rus.ru/sitemap/,Карта сайта tehcnix-rus,Карта сайта tehcnix-rus,Карта сайта,200
https://technix-rus.ru/info/news/rasshirenie-assortimenta-privodnaya-tekhnika/,Расширение ассортимента! Приводная техника TECHNIX,"Расширение ассортимента! Приводная техника. Производитель Technix - подшипниковые узлы, разъемные корпуса,трапецеидальные гайки и винты. Доставка по РФ.",Расширение ассортимента! Приводная техника,200
https://technix-rus.ru/info/news/rasshirenie-assortimenta-podshipniki-gost-technix/,Расширение ассортимента! Подшипники ГОСТ от компании TECHNIX,"Расширение ассортимента! Подшипники ГОСТ TECHNIX. Производитель Technix - подшипниковые узлы, разъемные корпуса,трапецеидальные гайки и винты. Доставка по РФ.",Расширение ассортимента! Подшипники ГОСТ TECHNIX,200
https://technix-rus.ru/gallery/nasha-produkciya/,Фото продукции TECHNIX,Галерея TECHNIX JSC (АО Техникс),Наша продукция,200
https://technix-rus.ru/catalog/sistemy_lineynogo_peremeshcheniya/karetki/uplotneniya_i_skrebki/uplotnenie_hgh15cazz_hch15cazz_kit_technix/,Уплотнение HGH15CAZZ (HCH15CAZZ) KIT TECHNIX купить в Санкт-Петербурге по оптовым ценам от производителя | TECHNIX,"Уплотнение HGH15CAZZ (HCH15CAZZ) KIT TECHNIX: купить у производителя по оптовым ценам в Санкт-Петербурге. 
Большой выбор промышленных комплектующих. ✔️ Гарантия качества. ✔️ Компания TECHNIX.",Уплотнение HGH15CAZZ (HCH15CAZZ) KIT TECHNIX,200
https://technix-rus.ru/gallery/,Галерея,Галерея TECHNIX JSC (АО Техникс),Галерея,200
https://technix-rus.ru/catalog/sistemy_lineynogo_peremeshcheniya/karetki/gofrozashchita_dlya_relsovykh_napravlyayushchikh/gofrozashchita_tnx_r20_300_technix/,Гофрозащита TNX-R20-300 TECHNIX купить в Санкт-Петербурге по оптовым ценам от производителя | TECHNIX,"Гофрозащита TNX-R20-300 TECHNIX: купить у производителя по оптовым ценам в Санкт-Петербурге. 
Большой выбор промышленных комплектующих. ✔️ Гарантия качества. ✔️ Компания TECHNIX.",Гофрозащита TNX-R20-300 TECHNIX,200
https://technix-rus.ru/catalog/sistemy_lineynogo_peremeshcheniya/karetki/gofrozashchita_dlya_relsovykh_napravlyayushchikh/gofrozashchita_tnx_r30_600_technix/,Гофрозащита TNX-R30-600 TECHNIX купить в Санкт-Петербурге по оптовым ценам от производителя | TECHNIX,"Гофрозащита TNX-R30-600 TECHNIX: купить у производителя по оптовым ценам в Санкт-Петербурге. 
Большой выбор промышленных комплектующих. ✔️ Гарантия качества. ✔️ Компания TECHNIX.",Гофрозащита TNX-R30-600 TECHNIX,200
https://technix-rus.ru/info/articles/kak-sobrat-stanok-s-chpu/,Как собрать станок с ЧПУ? | TECHNIX,"Как собрать станок с ЧПУ: читайте статьи, обзоры и рекомендации на сайте компании TECHNIX",Как собрать станок с ЧПУ?,200
https://technix-rus.ru/catalog/shvp/gayki_shvp/seriya-dfu/,Гайки ШВП серии DFU купить в Санкт-Петербурге по оптовым ценам от производителя | TECHNIX,Гайки ШВП серии DFU: купить у производителя по оптовым ценам в Санкт-Петербурге. Большой выбор промышленных комплектующих. ✔️ Гарантия качества. ✔️ Компания TECHNIX.,Гайки ШВП серии DFU,200
https://technix-rus.ru/catalog/soedinitelnye_mufty/vibrogasyashchie_mufty/seriya-jc/,Виброгасящие муфты серии JC купить в Санкт-Петербурге по оптовым ценам от производителя | TECHNIX,Виброгасящие муфты серии JC: купить у производителя по оптовым ценам в Санкт-Петербурге. Большой выбор промышленных комплектующих. ✔️ Гарантия качества. ✔️ Компания TECHNIX.,Виброгасящие муфты серии JC,200
https://technix-rus.ru/catalog/podshipniki/podshipnikovye_uzly/seriya-ucp/,Подшипниковые узлы серии UCP купить в Санкт-Петербурге по оптовым ценам от производителя | TECHNIX,Подшипниковые узлы серии UCP: купить у производителя по оптовым ценам в Санкт-Петербурге. Большой выбор промышленных комплектующих. ✔️ Гарантия качества. ✔️ Компания TECHNIX.,Подшипниковые узлы UCP,200
https://technix-rus.ru/info/articles/ustroystvo-i-printsipy-raboty-3d-printera/,Устройство и принципы работы 3D-принтера | TECHNIX,"Устройство и принципы работы 3D-принтера: читайте статьи, обзоры и рекомендации на сайте компании TECHNIX",Устройство и принципы работы 3D-принтера,200
https://technix-rus.ru/catalog/zubchatye_reyki/seriya-cr/,Зубчатые рейки серии CR купить в Санкт-Петербурге по оптовым ценам от производителя | TECHNIX,Зубчатые рейки серии CR: купить у производителя по оптовым ценам в Санкт-Петербурге. Большой выбор промышленных комплектующих. ✔️ Гарантия качества. ✔️ Компания TECHNIX.,Зубчатые рейки серии CR ,200
https://technix-rus.ru/catalog/sistemy_lineynogo_peremeshcheniya/karetki/gofrozashchita_dlya_relsovykh_napravlyayushchikh/gofrozashchita_tnx_r25_300_technix/,Гофрозащита TNX-R25-300 TECHNIX купить в Санкт-Петербурге по оптовым ценам от производителя | TECHNIX,"Гофрозащита TNX-R25-300 TECHNIX: купить у производителя по оптовым ценам в Санкт-Петербурге. 
Большой выбор промышленных комплектующих. ✔️ Гарантия качества. ✔️ Компания TECHNIX.",Гофрозащита TNX-R25-300 TECHNIX,200
https://technix-rus.ru/catalog/trapetseidalnye_gayki_i_vinty/vinty_trapetseidalnye/seriya-tr-gost/,Винты трапецеидальные серии TR ГОСТ купить в Санкт-Петербурге по оптовым ценам от производителя | TECHNIX,Винты трапецеидальные серии TR ГОСТ: купить у производителя по оптовым ценам в Санкт-Петербурге. Большой выбор промышленных комплектующих. ✔️ Гарантия качества. ✔️ Компания TECHNIX.,Винты трапецеидальные серия: TR ГОСТ,200
https://technix-rus.ru/info/news/grafik-raboty-ao-tekhniks-v-mayskie-prazdniki/,График работы АО «Техникс» в майские праздники - Важно!,"График работы АО «Техникс» в майские праздники. Производитель Technix - подшипниковые узлы, разъемные корпуса,трапецеидальные гайки и винты. Доставка по РФ.",График работы АО «Техникс» в майские праздники,200
https://technix-rus.ru/basket/,Корзина,Поступление на склад (сентябрь 2024) Производство и продажа промышленных комплектующих TECHNIX JSC (АО Техникс) | Доставка по РФ,Корзина,200
https://technix-rus.ru/projects/primenenie-promyshlennykh-komplektuyushchikh-technix/,Применение промышленных комплектующих  | TECHNIX,"Промышленные комплектующие. Узнайте про особенности конструкции, преимущества, материалы, сферу применения. Компания TECHNIX.",Применение промышленных комплектующих,200
https://technix-rus.ru/info/polzovatelskoe-soglashenie/,Пользовательское соглашение - Technix,"Пользовательское соглашение. Производитель Technix - подшипниковые узлы, разъемные корпуса,трапецеидальные гайки и винты. Доставка по РФ.",Пользовательское соглашение,200
https://technix-rus.ru/info/faq/,Вопрос-ответ | Technix,"Вопросы и ответы. Получите ответы на часто задаваемые вопросы, узнайте актуальную информацию, задайте свой вопрос онлайн. Мы ответим быстро и подробно – компания TECHNIX.",Вопрос-ответ,200
https://technix-rus.ru/info/rekvizity/,Реквизиты компании Technix,Реквизиты АО Техникс,Реквизиты,200
https://technix-rus.ru/info/,Контакты | TECHNIX,"Контактная информация о компании: адрес, реквизиты, режим работы. Свяжитесь с нами. Мы быстро ответим на любые вопросы и подберем лучший вариант – компания TECHNIX.",Контакты,200
https://technix-rus.ru/info/articles/,Статьи | TECHNIX,Статьи о продукции компании Technix. Только полезная и нужная информация.,Статьи,200
https://technix-rus.ru/purchase/,Оплата и доставка | TECHNIX,Узнайте о способах оплаты и доставки. Решим проблемы с оплатой. Гарантируем защиту ваших данных. Доступная и надежная доставка для вашего удобства – компания TECHNIX.,Оплата и доставка,200
https://technix-rus.ru/company/catalogs/,Каталоги товаров от производителя Technix,Каталоги товаров от производителя Technix,Электронные каталоги PDF,200
https://technix-rus.ru/company/find-distrib/,Дистрибьютерам,Найти дистрибьютора промышленных комплектующих марки Technix.,Найти Дистрибьютора,200
https://technix-rus.ru/company/partners/,"Партнерская программа, стань дистрибьютором | TECHNIX",Сотрудничество по партнерской программе. Оставьте заявку или свяжитесь удобным способом. Ответим быстро и подробно – компания TECHNIX.,Информация для партнеров,200
https://technix-rus.ru/info/news/rss/,Новости,Нет описания,Нет H1,200
https://technix-rus.ru/company/,О компании | TECHNIX,"Информация о компании: основные направления деятельности, цели и преимущества. Узнайте подробнее – компания TECHNIX.",О компании,200
https://technix-rus.ru/catalog/elementy_soedineniya/kamloki/,Камлоки купить в Санкт-Петербурге по оптовым ценам от производителя | TECHNIX,Камлоки: купить у производителя по оптовым ценам в Санкт-Петербурге. Большой выбор промышленных комплектующих. ✔️ Гарантия качества. ✔️ Компания TECHNIX.,Каталог камлоков,200
https://technix-rus.ru/catalog/elementy_soedineniya/,Элементы соединения купить в Санкт-Петербурге по оптовым ценам от производителя | TECHNIX,Элементы соединения: купить у производителя по оптовым ценам в Санкт-Петербурге. Большой выбор промышленных комплектующих. ✔️ Гарантия качества. ✔️ Компания TECHNIX.,Элементы соединения,200
https://technix-rus.ru/catalog/podshipnikovye_uzly_agro_rider/uzly_v_korpuse_iz_vysokoprochnogo_chuguna/,Узлы в корпусе из высокопрочного чугуна купить в Санкт-Петербурге по оптовым ценам от производителя | TECHNIX,Узлы в корпусе из высокопрочного чугуна: купить у производителя по оптовым ценам в Санкт-Петербурге. Большой выбор промышленных комплектующих. ✔️ Гарантия качества. ✔️ Компания TECHNIX.,Узлы в корпусе из высокопрочного чугуна,200
https://technix-rus.ru/gallery/rss/,Галерея,Нет описания,Нет H1,200
https://technix-rus.ru/catalog/podshipnikovye_uzly_agro_rider/podshipnikovye_uzly_v_stalnom_korpuse/,Подшипниковые узлы в стальном корпусе купить в Санкт-Петербурге по оптовым ценам от производителя | TECHNIX,Подшипниковые узлы в стальном корпусе: купить у производителя по оптовым ценам в Санкт-Петербурге. Большой выбор промышленных комплектующих. ✔️ Гарантия качества. ✔️ Компания TECHNIX.,Подшипниковые узлы в стальном корпусе,200
https://technix-rus.ru/catalog/podshipniki/razemnye_korpusa_1/razemnye_korpusa_2/seriya-snl/,Разъемные корпуса серии SNL купить в Санкт-Петербурге по оптовым ценам от производителя | TECHNIX,Разъемные корпуса серии SNL: купить у производителя по оптовым ценам в Санкт-Петербурге. Большой выбор промышленных комплектующих. ✔️ Гарантия качества. ✔️ Компания TECHNIX.,Разъемные корпуса SNL,200
https://technix-rus.ru/company/solutions/,Отраслевые решения от интернет-магазина Technix,Отраслевые решения компании. Собственное производство. доставка по РФ. +7 (812) 490-76-68,Отраслевые решения,200
https://technix-rus.ru/catalog/podshipnikovye_uzly_agro_rider/podshipnikovye_uzly_v_rezinovom_korpuse/,Подшипниковые узлы в резиновом корпусе купить в Санкт-Петербурге по оптовым ценам от производителя | TECHNIX,Подшипниковые узлы в резиновом корпусе: купить у производителя по оптовым ценам в Санкт-Петербурге. Большой выбор промышленных комплектующих. ✔️ Гарантия качества. ✔️ Компания TECHNIX.,Подшипниковые узлы в резиновом корпусе,200
https://technix-rus.ru/info/articles/raschet-i-proektirovanie-zubchatykh-koles/,Расчет и проектирование зубчатых колес | TECHNIX,"Расчет и проектирование зубчатых колес: читайте статьи, обзоры и рекомендации на сайте компании TECHNIX",Расчет и проектирование зубчатых колес,200
https://technix-rus.ru/info/articles/rss/,Статьи,Нет описания,Нет H1,200
https://technix-rus.ru/catalog/podshipniki/podshipnikovye_uzly/podshipnikovyy_uzel_ucp208_light_technix/,Подшипниковый узел UCP208 LIGHT TECHNIX купить в Санкт-Петербурге по оптовым ценам от производителя | TECHNIX,"Подшипниковый узел UCP208 LIGHT TECHNIX: купить у производителя по оптовым ценам в Санкт-Петербурге. 
Большой выбор промышленных комплектующих. ✔️ Гарантия качества. ✔️ Компания TECHNIX.",Подшипниковый узел UCP208 LIGHT TECHNIX,200
https://technix-rus.ru/catalog/podshipniki/podshipnikovye_uzly/podshipnikovyy_uzel_ucp213_light_technix/,Подшипниковый узел UCP213 LIGHT TECHNIX купить в Санкт-Петербурге по оптовым ценам от производителя | TECHNIX,"Подшипниковый узел UCP213 LIGHT TECHNIX: купить у производителя по оптовым ценам в Санкт-Петербурге. 
Большой выбор промышленных комплектующих. ✔️ Гарантия качества. ✔️ Компания TECHNIX.",Подшипниковый узел UCP213 LIGHT TECHNIX,200
https://technix-rus.ru/catalog/podshipniki/podshipnikovye_uzly/podshipnikovyy_uzel_ucp214_light_technix/,Подшипниковый узел UCP214 LIGHT TECHNIX купить в Санкт-Петербурге по оптовым ценам от производителя | TECHNIX,"Подшипниковый узел UCP214 LIGHT TECHNIX: купить у производителя по оптовым ценам в Санкт-Петербурге. 
Большой выбор промышленных комплектующих. ✔️ Гарантия качества. ✔️ Компания TECHNIX.",Подшипниковый узел UCP214 LIGHT TECHNIX,200
https://technix-rus.ru/catalog/podshipniki/podshipnikovye_uzly/podshipnikovyy_uzel_ucp216_light_technix/,Подшипниковый узел UCP216 LIGHT TECHNIX купить в Санкт-Петербурге по оптовым ценам от производителя | TECHNIX,"Подшипниковый узел UCP216 LIGHT TECHNIX: купить у производителя по оптовым ценам в Санкт-Петербурге. 
Большой выбор промышленных комплектующих. ✔️ Гарантия качества. ✔️ Компания TECHNIX.",Подшипниковый узел UCP216 LIGHT TECHNIX,200
https://technix-rus.ru/catalog/podshipniki/podshipnikovye_uzly/podshipnikovyy_uzel_ucp312_light_technix/,Подшипниковый узел UCP312 LIGHT TECHNIX купить в Санкт-Петербурге по оптовым ценам от производителя | TECHNIX,"Подшипниковый узел UCP312 LIGHT TECHNIX: купить у производителя по оптовым ценам в Санкт-Петербурге. 
Большой выбор промышленных комплектующих. ✔️ Гарантия качества. ✔️ Компания TECHNIX.",Подшипниковый узел UCP312 LIGHT TECHNIX,200
https://technix-rus.ru/purchase/garantiya-i-vozvrat/,Гарантия и возврат - TECHNIX,"Гарантия и возврат. Производитель Technix - подшипниковые узлы, разъемные корпуса,трапецеидальные гайки и винты. Доставка по РФ.",Гарантия и возврат,200
https://technix-rus.ru/projects/primenenie-promyshlennykh-komplektuyushchikh-technix/podshipniki-skolzheniya-oblasti-primeneniya-samykh-nadezhnykh-elementov/,Подшипники скольжения. Области применения самых надежных элементов,Поступление на склад (сентябрь 2024) Производство и продажа промышленных комплектующих TECHNIX JSC (АО Техникс) | Доставка по РФ,Подшипники скольжения. Области применения самых надежных элементов,200
https://technix-rus.ru/projects/primenenie-promyshlennykh-komplektuyushchikh-technix/soedinitelnye-mufty-i-osnovnye-oblasti-ikh-primeneniya/,Соединительные муфты и основные области их применения,Поступление на склад (сентябрь 2024) Производство и продажа промышленных комплектующих TECHNIX JSC (АО Техникс) | Доставка по РФ,Соединительные муфты и основные области их применения,200
https://technix-rus.ru/projects/primenenie-promyshlennykh-komplektuyushchikh-technix/razemnye-korpusa-podshipnikov-kak-i-dlya-chego-eto-sdelano/,Разъемные корпуса подшипников. Как и для чего это сделано?,Поступление на склад (сентябрь 2024) Производство и продажа промышленных комплектующих TECHNIX JSC (АО Техникс) | Доставка по РФ,Разъемные корпуса подшипников. Как и для чего это сделано?,200
https://technix-rus.ru/catalog/soedinitelnye_mufty/vibrogasyashchie_mufty/mufta_jc25_c_soedinitelnaya_vibrogasyashchaya_technix/,Муфта соединительная виброгасящая JC25-C TECHNIX купить в Санкт-Петербурге по оптовым ценам от производителя | TECHNIX,"Муфта соединительная виброгасящая JC25-C TECHNIX: купить у производителя по оптовым ценам в Санкт-Петербурге. 
Большой выбор промышленных комплектующих. ✔️ Гарантия качества. ✔️ Компания TECHNIX.
",Муфта соединительная виброгасящая JC25-C TECHNIX,200
https://technix-rus.ru/projects/primenenie-promyshlennykh-komplektuyushchikh-technix/silfonnye-mufty-chto-eto-i-gde-primenyaetsya/,Сильфонные муфты: что это и где применяется,Поступление на склад (сентябрь 2024) Производство и продажа промышленных комплектующих TECHNIX JSC (АО Техникс) | Доставка по РФ,Сильфонные муфты: что это и где применяется,200
https://technix-rus.ru/info/articles/kak-opredelit-nagruzku-na-podshipnik/,Как определить нагрузку на подшипник? | TECHNIX,"Как определить нагрузку на подшипник: читайте статьи, обзоры и рекомендации на сайте компании TECHNIX",Как определить нагрузку на подшипник?,200
https://technix-rus.ru/catalog/podshipniki/podshipnikovye_uzly/podshipnikovyy_uzel_ucp209_light_technix/,Подшипниковый узел UCP209 LIGHT TECHNIX купить в Санкт-Петербурге по оптовым ценам от производителя | TECHNIX,"Подшипниковый узел UCP209 LIGHT TECHNIX: купить у производителя по оптовым ценам в Санкт-Петербурге. 
Большой выбор промышленных комплектующих. ✔️ Гарантия качества. ✔️ Компания TECHNIX.",Подшипниковый узел UCP209 LIGHT TECHNIX,200
https://technix-rus.ru/projects/primenenie-promyshlennykh-komplektuyushchikh-technix/trapetseidalnye-gayki-osobennosti-detaley-i-sfera-primeneniya/,Трапецеидальные гайки: особенности деталей и сфера применения,Поступление на склад (сентябрь 2024) Производство и продажа промышленных комплектующих TECHNIX JSC (АО Техникс) | Доставка по РФ,Трапецеидальные гайки: особенности деталей и сфера применения,200
https://technix-rus.ru/catalog/podshipniki/podshipnikovye_uzly/podshipnikovyy_uzel_ucp207_light_technix/,Подшипниковый узел UCP207 LIGHT TECHNIX купить в Санкт-Петербурге по оптовым ценам от производителя | TECHNIX,"Подшипниковый узел UCP207 LIGHT TECHNIX: купить у производителя по оптовым ценам в Санкт-Петербурге. 
Большой выбор промышленных комплектующих. ✔️ Гарантия качества. ✔️ Компания TECHNIX.",Подшипниковый узел UCP207 LIGHT TECHNIX,200
https://technix-rus.ru/projects/primenenie-promyshlennykh-komplektuyushchikh-technix/vibrogasyashchie-mufty-unikalnoe-oborudovanie-dlya-promyshlennosti/,Виброгасящие муфты – уникальное оборудование для промышленности,Поступление на склад (сентябрь 2024) Производство и продажа промышленных комплектующих TECHNIX JSC (АО Техникс) | Доставка по РФ,Виброгасящие муфты – уникальное оборудование для промышленности,200
https://technix-rus.ru/projects/primenenie-promyshlennykh-komplektuyushchikh-technix/rolikovye-podshipniki-funktsionalnye-vozmozhnosti-po-sferam-primeneniya/,Роликовые подшипники: функциональные возможности по сферам применения,Поступление на склад (сентябрь 2024) Производство и продажа промышленных комплектующих TECHNIX JSC (АО Техникс) | Доставка по РФ,Роликовые подшипники: функциональные возможности по сферам применения,200
https://technix-rus.ru/catalog/elementy_soedineniya/kamloki/kamlok_cls_100e_100ess/,Камлок CLS-100E (100ESS) купить в Санкт-Петербурге по оптовым ценам от производителя | TECHNIX,"Камлок CLS-100E (100ESS): купить у производителя по оптовым ценам в Санкт-Петербурге. 
Большой выбор промышленных комплектующих. ✔️ Гарантия качества. ✔️ Компания TECHNIX.",Камлок CLS-100E (100ESS),200
https://technix-rus.ru/catalog/podshipnikovye_uzly_agro_rider/uzly_v_korpuse_iz_vysokoprochnogo_chuguna/podshipnikovyy_uzel_sunn208_tdt_h_t_k_agro_rider/,Подшипниковый узел SUNN208-TDT.H.T*K AGRO RIDER купить в Санкт-Петербурге по оптовым ценам от производителя | TECHNIX,"Подшипниковый узел SUNN208-TDT.H.T*K AGRO RIDER: купить у производителя по оптовым ценам в Санкт-Петербурге. 
Большой выбор промышленных комплектующих. ✔️ Гарантия качества. ✔️ Компания TECHNIX.
",Подшипниковый узел SUNN208-TDT.H.T*K AGRO RIDER,200
https://technix-rus.ru/catalog/podshipnikovye_uzly_agro_rider/podshipnikovye_uzly_v_stalnom_korpuse/podshipnikovyy_uzel_suwst209ppb12_zn_agro_rider/,Подшипниковый узел SUWST209PPB12*ZN AGRO RIDER купить в Санкт-Петербурге по оптовым ценам от производителя | TECHNIX,"Подшипниковый узел SUWST209PPB12*ZN AGRO RIDER: купить у производителя по оптовым ценам в Санкт-Петербурге. 
Большой выбор промышленных комплектующих. ✔️ Гарантия качества. ✔️ Компания TECHNIX.
",Подшипниковый узел SUWST209PPB12*ZN AGRO RIDER,200
https://technix-rus.ru/catalog/podshipnikovye_uzly_agro_rider/podshipnikovye_uzly_v_stalnom_korpuse/podshipnikovyy_uzel_suwst209ppb13_agro_rider/,Подшипниковый узел SUWST209PPB13 AGRO RIDER купить в Санкт-Петербурге по оптовым ценам от производителя | TECHNIX,"Подшипниковый узел SUWST209PPB13 AGRO RIDER: купить у производителя по оптовым ценам в Санкт-Петербурге. 
Большой выбор промышленных комплектующих. ✔️ Гарантия качества. ✔️ Компания TECHNIX.
",Подшипниковый узел SUWST209PPB13 AGRO RIDER,200
https://technix-rus.ru/catalog/podshipnikovye_uzly_agro_rider/podshipnikovye_uzly_v_stalnom_korpuse/podshipnikovyy_uzel_suwst209ppb26_agro_rider/,Подшипниковый узел SUWST209PPB26 AGRO RIDER купить в Санкт-Петербурге по оптовым ценам от производителя | TECHNIX,"Подшипниковый узел SUWST209PPB26 AGRO RIDER: купить у производителя по оптовым ценам в Санкт-Петербурге. 
Большой выбор промышленных комплектующих. ✔️ Гарантия качества. ✔️ Компания TECHNIX.
",Подшипниковый узел SUWST209PPB26 AGRO RIDER,200
https://technix-rus.ru/catalog/elementy_soedineniya/kamloki/kamlok_cls_125d_125dssb/,Камлок CLS-125D (125DSSB) купить в Санкт-Петербурге по оптовым ценам от производителя | TECHNIX,"Камлок CLS-125D (125DSSB): купить у производителя по оптовым ценам в Санкт-Петербурге. 
Большой выбор промышленных комплектующих. ✔️ Гарантия качества. ✔️ Компания TECHNIX.",Камлок CLS-125D (125DSSB),200
https://technix-rus.ru/catalog/podshipnikovye_uzly_agro_rider/podshipnikovye_uzly_v_rezinovom_korpuse/podshipnikovyy_uzel_v_rezinovom_korpuse_suwr209ppb30_agro_rider/,Подшипниковый узел в резиновом корпусе SUWR209PPB30 AGRO RIDER купить в Санкт-Петербурге по оптовым ценам от производителя | TECHNIX,"Подшипниковый узел в резиновом корпусе SUWR209PPB30 AGRO RIDER: купить у производителя по оптовым ценам в Санкт-Петербурге. 
Большой выбор промышленных комплектующих. ✔️ Гарантия качества. ✔️ Компания TECHNIX.
",Подшипниковый узел в резиновом корпусе SUWR209PPB30 AGRO RIDER,200
https://technix-rus.ru/catalog/podshipnikovye_uzly_agro_rider/podshipnikovye_uzly_v_stalnom_korpuse/podshipnikovyy_uzel_suwst209ppb29_agro_rider/,Подшипниковый узел SUWST209PPB29 AGRO RIDER купить в Санкт-Петербурге по оптовым ценам от производителя | TECHNIX,"Подшипниковый узел SUWST209PPB29 AGRO RIDER: купить у производителя по оптовым ценам в Санкт-Петербурге. 
Большой выбор промышленных комплектующих. ✔️ Гарантия качества. ✔️ Компания TECHNIX.
",Подшипниковый узел SUWST209PPB29 AGRO RIDER,200
https://technix-rus.ru/catalog/podshipnikovye_uzly_agro_rider/podshipnikovye_uzly_v_stalnom_korpuse/podshipnikovyy_uzel_suwst209ppb3_agro_rider/,Подшипниковый узел SUWST209PPB3 AGRO RIDER купить в Санкт-Петербурге по оптовым ценам от производителя | TECHNIX,"Подшипниковый узел SUWST209PPB3 AGRO RIDER: купить у производителя по оптовым ценам в Санкт-Петербурге. 
Большой выбор промышленных комплектующих. ✔️ Гарантия качества. ✔️ Компания TECHNIX.
",Подшипниковый узел SUWST209PPB3 AGRO RIDER,200
https://technix-rus.ru/info/articles/tipy-i-kharakteristiki-3d-printerov/,Типы и характеристики 3D-принтеров | TECHNIX,"Типы и характеристики 3D-принтеров: читайте статьи, обзоры и рекомендации на сайте компании TECHNIX",Типы и характеристики 3D-принтеров,200
https://technix-rus.ru/info/articles/chto-takoe-silfonnye-mufty/,Что такое сильфонные муфты? | TECHNIX,"Что такое сильфонные муфты: читайте статьи, обзоры и рекомендации на сайте компании TECHNIX",Что такое сильфонные муфты?,200
https://technix-rus.ru/catalog/podshipnikovye_uzly_agro_rider/podshipnikovye_uzly_v_stalnom_korpuse/podshipnikovyy_uzel_suwst209ppb32_agro_rider/,Подшипниковый узел SUWST209PPB32 AGRO RIDER купить в Санкт-Петербурге по оптовым ценам от производителя | TECHNIX,"Подшипниковый узел SUWST209PPB32 AGRO RIDER: купить у производителя по оптовым ценам в Санкт-Петербурге. 
Большой выбор промышленных комплектующих. ✔️ Гарантия качества. ✔️ Компания TECHNIX.
",Подшипниковый узел SUWST209PPB32 AGRO RIDER,200
https://technix-rus.ru/catalog/podshipnikovye_uzly_agro_rider/podshipnikovye_uzly_v_stalnom_korpuse/podshipnikovyy_uzel_suwst211ppb20_agro_rider/,Подшипниковый узел SUWST211PPB20 AGRO RIDER купить в Санкт-Петербурге по оптовым ценам от производителя | TECHNIX,"Подшипниковый узел SUWST211PPB20 AGRO RIDER: купить у производителя по оптовым ценам в Санкт-Петербурге. 
Большой выбор промышленных комплектующих. ✔️ Гарантия качества. ✔️ Компания TECHNIX.
",Подшипниковый узел SUWST211PPB20 AGRO RIDER,200
